problem,response,problem_id,originality_rescaled_factor,effectiveness_rescaled_factor,label
assist people with learning impairments retain information,"""quizes"" that can be in a play - mode",1,3.1,3.9,
assist people with learning impairments retain information,A Earpice that repeats important topics along the day,1,3.5,3.0,
assist people with learning impairments retain information,"A flash card lock screen widget, you can only unlock your phone after you get X correct answers.",1,4.1,5.0,
assist people with learning impairments retain information,A game template that can be customized for each topic.,1,3.9,3.7,
assist people with learning impairments retain information,A generative AI that generates graphical elements based on text passages provided to facilitate the learning process,1,3.8,3.5,
assist people with learning impairments retain information,A music player that turns important topics into music,1,3.9,2.9,
assist people with learning impairments retain information,"A virtual world type of game where you can learn about many things, when you do you receive items or other rewards in-game to keep you motivated.",1,4.0,3.8,
assist people with learning impairments retain information,Acronyms,1,2.5,1.9,
assist people with learning impairments retain information,"Allow them to try first and allow them to make mistakes so as to correct them, this will reinforce the correct method.",1,2.5,3.3,
assist people with learning impairments retain information,Aloow them to see as many as pictures in their surrandings regarding the topic,1,2.7,3.2,
assist people with learning impairments retain information,An e-learning platform with forum functionality,1,3.3,3.5,
assist people with learning impairments retain information,An individual learning plan based on algorithm that adapts difficulty of questions/exercises based on current quiz results,1,3.6,3.4,
assist people with learning impairments retain information,Analogies,1,2.4,2.9,
assist people with learning impairments retain information,Appealing Visual representations,1,3.0,3.5,
assist people with learning impairments retain information,Art works,1,1.8,2.1,
assist people with learning impairments retain information,Assistive Technologies,1,2.8,3.0,
assist people with learning impairments retain information,"Associate what they're learning with different senses of the body, e.g. learning about different plants and flowers paired with what they smell like.",1,3.7,3.8,
assist people with learning impairments retain information,Association training,1,2.7,3.1,
assist people with learning impairments retain information,Automatic note taking,1,2.7,2.8,
assist people with learning impairments retain information,Be patient and repeat everything if needed,1,2.1,3.3,
assist people with learning impairments retain information,"Breaking down complex information into smaller, more digestible chunks to make it easier to understand and remember.",1,2.8,4.6,
assist people with learning impairments retain information,"Buddy programs in schools, where the best students are encouraged to form a team with a learning impaired student.",1,3.4,4.3,
assist people with learning impairments retain information,Color coded systems,1,2.8,2.8,
assist people with learning impairments retain information,Color coding for organization of information,1,2.9,3.3,
assist people with learning impairments retain information,Colour Coded lecture notes,1,2.6,2.8,
assist people with learning impairments retain information,Computer aided learning tailored to each individual,1,3.7,3.1,
assist people with learning impairments retain information,Computer aided voice,1,2.8,2.4,
assist people with learning impairments retain information,Computer with Braile Keyboard,1,3.2,2.5,
assist people with learning impairments retain information,"Create cue cards that are colourfull and contain main concepts or points, making them easier to grasp.",1,3.1,4.2,
assist people with learning impairments retain information,Create songs or jingles to help remember the information like the main c,1,3.2,2.9,
assist people with learning impairments retain information,Creating an atmosphere to make them feel better at the workplace,1,2.5,3.4,
assist people with learning impairments retain information,"Creating social learning platforms that foster collaboration and peer support, allowing individuals to learn from and help each other.",1,3.4,3.9,
assist people with learning impairments retain information,Demonstarate as many as possible,1,2.3,2.5,
assist people with learning impairments retain information,Design programs with activities that involves physical movement,1,3.0,3.5,
assist people with learning impairments retain information,"Designing gamified learning platforms that offer rewards and achievements, making the learning process more enjoyable and motivating.",1,4.5,4.7,
assist people with learning impairments retain information,Designing study materials that use color-coded organization and visually intuitive layouts to aid in information retention.,1,3.3,4.6,
assist people with learning impairments retain information,Develop innovative methods addressing the issue,1,2.3,3.0,
assist people with learning impairments retain information,Develop lesson plans that help give information in shorter form and is direct to the explanation.,1,2.6,3.9,
assist people with learning impairments retain information,Device that can help visualize math on the fly.,1,3.6,3.0,
assist people with learning impairments retain information,Digital Notepad,1,2.4,1.8,
assist people with learning impairments retain information,"Dinamic learning tools, not just reading or writing",1,2.9,3.0,
assist people with learning impairments retain information,Diversity involvement,1,2.8,2.1,
assist people with learning impairments retain information,Educational videos,1,2.1,1.7,
assist people with learning impairments retain information,Explain concepts in different methods to reinforce thinking habits and memory retention.,1,3.0,3.7,
assist people with learning impairments retain information,Explaining a topic in a story telling method,1,3.5,4.2,
assist people with learning impairments retain information,Explaining a topic via music,1,3.8,2.6,
assist people with learning impairments retain information,Extra tutoring,1,1.9,2.9,
assist people with learning impairments retain information,Flash cards,1,1.7,2.8,
assist people with learning impairments retain information,Flashcards,1,1.8,3.1,
assist people with learning impairments retain information,Food related solutions,1,3.2,1.8,
assist people with learning impairments retain information,Game-related tasks,1,3.4,3.6,
assist people with learning impairments retain information,Games that use AI to help people retain information with big rewards such as money,1,3.9,2.8,
assist people with learning impairments retain information,Gamification,1,2.9,2.8,
assist people with learning impairments retain information,Gamification on learning - earning badges etc.,1,3.5,3.6,
assist people with learning impairments retain information,Group learning,1,2.0,2.5,
assist people with learning impairments retain information,HAVE A FREIND HELP THEM LEARN,1,2.1,2.0,
assist people with learning impairments retain information,Have a recorder that plays back information to listen to at any time,1,2.8,3.2,
assist people with learning impairments retain information,Have an iPad type device specifically for helping retain information that can play back again and again,1,2.9,2.8,
assist people with learning impairments retain information,Have pauses between each learning topic,1,2.2,3.9,
assist people with learning impairments retain information,Incorporate the ideas in something that they like,1,3.2,4.6,
assist people with learning impairments retain information,Incorporating real-life examples and practical applications of knowledge to make learning more relatable and meaningful.,1,3.1,4.5,
assist people with learning impairments retain information,Incorporating tactile elements into learning experiences to provide a hands-on approach for individuals with learning impairments.,1,3.9,4.0,
assist people with learning impairments retain information,Interactive applications,1,2.6,3.2,
assist people with learning impairments retain information,Interactive flashcards,1,2.8,4.7,
assist people with learning impairments retain information,Interactive learning with Mixed Reality technology,1,4.1,3.4,
assist people with learning impairments retain information,Interactivity,1,1.9,2.7,
assist people with learning impairments retain information,Introducing mnemonic devices and memory aids to assist with remembering key information and concepts.,1,2.9,3.1,
assist people with learning impairments retain information,Learning aided with music for the vis,1,3.4,2.7,
assist people with learning impairments retain information,Let them see same activities people doing in fornt of them.,1,2.8,2.9,
assist people with learning impairments retain information,Little thematic games in an app or on the computer to facilitate the learning process.,1,3.7,3.5,
assist people with learning impairments retain information,Make a deep research on the impaired people to fully understand the problems they have,1,3.7,3.1,
assist people with learning impairments retain information,"Make connections while explaining a subject, linking information can help memorize it",1,3.1,3.9,
assist people with learning impairments retain information,Make it comic book,1,3.1,2.3,
assist people with learning impairments retain information,Make the conversation more dynamic,1,2.1,2.9,
assist people with learning impairments retain information,Make them motivated just as snacks for attainment,1,2.5,1.8,
assist people with learning impairments retain information,Making sure everyone knows learining impairments are real and perfectly understandable,1,2.2,2.8,
assist people with learning impairments retain information,Memory photo book/pages,1,2.5,3.1,
assist people with learning impairments retain information,Mobile applications are easy to make and can tackle different aspects of the problem,1,2.9,2.7,
assist people with learning impairments retain information,More engaging teaching/learning regimens,1,2.8,3.6,
assist people with learning impairments retain information,More experimental learning,1,3.0,3.0,
assist people with learning impairments retain information,More hands on activity,1,2.5,3.3,
assist people with learning impairments retain information,More personal teachin,1,2.3,2.7,
assist people with learning impairments retain information,More pictures,1,2.1,3.2,
assist people with learning impairments retain information,More studies on how they react to infromation given to them and then creating a program to work around it,1,3.3,3.3,
assist people with learning impairments retain information,More suited teaching program for them,1,2.8,3.0,
assist people with learning impairments retain information,"Offering timely feedback and positive reinforcement to track progress, boost confidence, and motivate continued learning.",1,3.9,4.6,
assist people with learning impairments retain information,One to one care,1,2.2,2.8,
assist people with learning impairments retain information,Online tasks with examples,1,2.8,2.5,
assist people with learning impairments retain information,Personalized learning plan,1,2.6,4.2,
assist people with learning impairments retain information,Physical boosters,1,2.3,1.3,
assist people with learning impairments retain information,Practicity,1,1.9,2.0,
assist people with learning impairments retain information,Prepare material specialized in investing kids to learn certain topics and encourage them,1,3.0,3.6,
assist people with learning impairments retain information,Prepare teachers to learn about the root of the impairment and pass down to the students the tolerance and willing to help,1,3.1,3.6,
assist people with learning impairments retain information,Presentations of understandings,1,2.0,3.5,
assist people with learning impairments retain information,Professional teacher to teach them,1,1.8,2.8,
assist people with learning impairments retain information,Progress tracking,1,2.3,2.6,
assist people with learning impairments retain information,Provide alternatives of learning for people with impairment with different schools,1,3.0,4.0,
assist people with learning impairments retain information,Providing clear and concise instructions and explanations to ensure understanding and avoid confusion.,1,2.5,3.3,
assist people with learning impairments retain information,READ IT AND TRY TO RECALL A PRECENTAGE OF TEXT,1,2.2,1.9,
assist people with learning impairments retain information,Real world application projects,1,2.7,3.9,
assist people with learning impairments retain information,Real-world smaller tasks,1,3.0,3.8,
assist people with learning impairments retain information,Sensory white board where you can feel and mell different things,1,3.9,2.0,
assist people with learning impairments retain information,Simple books or comics like stories,1,2.7,3.2,
assist people with learning impairments retain information,Simple example,1,1.6,2.6,
assist people with learning impairments retain information,Simplified Languge translator,1,2.1,2.8,
assist people with learning impairments retain information,Smart pencil that specializes in information retaining techniques,1,3.9,1.9,
assist people with learning impairments retain information,Specialized tutors to monitor the study process of people with learning impairments.,1,3.4,3.9,
assist people with learning impairments retain information,Squeezy toy to relate to remembe,1,3.0,1.9,
assist people with learning impairments retain information,Talk slower,1,1.6,2.0,
assist people with learning impairments retain information,Talking books,1,3.1,2.6,
assist people with learning impairments retain information,Teach people how to be able to help them,1,2.4,2.3,
assist people with learning impairments retain information,Tests that are fun,1,2.8,3.3,
assist people with learning impairments retain information,Text transcription,1,2.0,2.4,
assist people with learning impairments retain information,Train people with repetitive actions so they do it out of habit,1,2.9,3.4,
assist people with learning impairments retain information,Training buddy to relate with the impaired individual,1,3.0,2.6,
assist people with learning impairments retain information,"Trying to stablish a daily routine, and rewarding him every n lessons.",1,2.7,3.4,
assist people with learning impairments retain information,Use a sound and picture book to link words/information with the picture,1,3.1,3.5,
assist people with learning impairments retain information,Use of images,1,2.1,3.2,
assist people with learning impairments retain information,Use of similitudes,1,2.4,2.9,
assist people with learning impairments retain information,Use simpler words,1,1.7,2.2,
assist people with learning impairments retain information,Use visualize form to make them stimulated,1,2.7,3.0,
assist people with learning impairments retain information,Utilizing assistive technologies like text-to-speech or speech recognition software to accommodate different learning abilities.,1,3.3,3.8,
assist people with learning impairments retain information,VR Learning,1,3.6,3.1,
assist people with learning impairments retain information,Video,1,1.9,1.7,
assist people with learning impairments retain information,Videos that explain the same problem on different difficulties,1,3.5,4.1,
assist people with learning impairments retain information,Vioce activated book,1,3.2,2.2,
assist people with learning impairments retain information,Visual Podcasts,1,3.0,2.1,
assist people with learning impairments retain information,Visually simulating images learning instead of text,1,2.8,3.7,
assist people with learning impairments retain information,Voice Guided instructionals,1,2.9,2.9,
assist people with learning impairments retain information,Vr head et that shows different times in history,1,3.5,1.8,
assist people with learning impairments retain information,Writing acdemic books that have more picture illustrations when solving problems,1,3.1,3.5,
assist people with learning impairments retain information,a game or video game related to the subject,1,2.9,3.5,
assist people with learning impairments retain information,activity of explaining what you learned to a stranger,1,3.2,3.2,
assist people with learning impairments retain information,add more staff for it,1,1.9,1.7,
assist people with learning impairments retain information,all information can be recorded so as to be easily assessed later,1,2.7,3.1,
assist people with learning impairments retain information,allways say what they need to do after,1,2.5,2.5,
assist people with learning impairments retain information,alternative teachers to explain concepts from different perspectives,1,3.2,2.8,
assist people with learning impairments retain information,"an app that considers the user's preferred method of learning (tactile, auditory, visual, etc.) and caters to this method -- information is downloaded into the device which is then transformed in a way that is most suitable for the user",1,4.5,4.9,
assist people with learning impairments retain information,an app that trains the user in different ways on different topics during a prolonged period of time (with memory recall tasks) to better understand the learning impairment and see which learning techniques worked the best in terms of memory retainment for that individual. Incorporate this into future learning,1,4.5,4.2,
assist people with learning impairments retain information,an app which sends notifications for repeat learning and practise,1,3.1,3.3,
assist people with learning impairments retain information,an individual to explain and answer question,1,2.4,2.6,
assist people with learning impairments retain information,app / tech that keeps notes,1,2.5,3.3,
assist people with learning impairments retain information,app that radomly reminds you important information through the day,1,2.8,2.3,
assist people with learning impairments retain information,"app to help with studying, reminding you to stay focused every 5/10 minutes",1,2.9,3.3,
assist people with learning impairments retain information,"app to save information that is hard for them to remember, so they can review it at any time they want",1,3.2,3.7,
assist people with learning impairments retain information,app where you store information and search it by key words,1,3.8,3.3,
assist people with learning impairments retain information,app with music about the topics,1,2.9,2.5,
assist people with learning impairments retain information,associate the new learning with a previous learning,1,2.7,3.7,
assist people with learning impairments retain information,audiobook to listen at night,1,2.3,3.2,
assist people with learning impairments retain information,better teachers,1,2.4,2.4,
assist people with learning impairments retain information,books with bolded text in a specific way to help with learning,1,3.2,2.9,
assist people with learning impairments retain information,"branching out, graph view",1,2.9,2.3,
assist people with learning impairments retain information,classes with less people,1,1.9,2.9,
assist people with learning impairments retain information,concentration pills,1,2.9,2.5,
assist people with learning impairments retain information,create a learning evironment that focuses on their individual strengths and rewards them for how well they do on exercises showing retained information,1,3.8,4.4,
assist people with learning impairments retain information,create devices for learning tailored to each individual impairment,1,3.9,3.5,
assist people with learning impairments retain information,design toys that help people with their memory,1,3.4,2.8,
assist people with learning impairments retain information,develop an app that emphasises repetitive learning,1,3.6,3.2,
assist people with learning impairments retain information,different colors for text deppending on the importance of it,1,2.7,3.2,
assist people with learning impairments retain information,duolingo but exercises are very very repetitive,1,2.8,3.4,
assist people with learning impairments retain information,ebooks to read,1,2.2,2.3,
assist people with learning impairments retain information,flashcard app adapted for each learning disability such as dyspraxia,1,3.8,3.9,
assist people with learning impairments retain information,free online courses,1,2.4,2.5,
assist people with learning impairments retain information,full enviroments for learning one topic,1,3.1,2.7,
assist people with learning impairments retain information,game to help learning like minecraft education,1,3.4,4.5,
assist people with learning impairments retain information,general learning disability app with everything i've listed specified for each disability,1,4.6,4.3,
assist people with learning impairments retain information,"government funded programs for assisted teaching, preferably one on one",1,3.1,3.6,
assist people with learning impairments retain information,have a ONG dedicated to teach people to do things,1,3.5,2.6,
assist people with learning impairments retain information,have apps that help to remember things on especific times,1,2.8,2.5,
assist people with learning impairments retain information,have reminders set up to repeat information learnt over a certain length of time even during day to day activities in order to reinforce learning,1,3.5,3.7,
assist people with learning impairments retain information,have social politics to help this people.,1,2.2,1.6,
assist people with learning impairments retain information,having colorful notes about the subject,1,2.7,3.1,
assist people with learning impairments retain information,incorporate knowledge in a non-school environment so that people don't feel pressured,1,3.3,3.0,
assist people with learning impairments retain information,increaing the production of Robots to teach people who have these impairments,1,3.6,1.7,
assist people with learning impairments retain information,introducing different learning methods to the traditional ones,1,2.9,3.0,
assist people with learning impairments retain information,let them express their problems and learn from them,1,1.7,2.8,
assist people with learning impairments retain information,listen their question and try to answer,1,1.6,2.3,
assist people with learning impairments retain information,machine that records the teaching so the person can replay it as many times as they want to learn it,1,3.2,3.7,
assist people with learning impairments retain information,make a lot of breaks,1,2.3,3.0,
assist people with learning impairments retain information,make a lot of infograms about the things you want to teach,1,2.7,3.1,
assist people with learning impairments retain information,make an anime about different topics to study,1,3.5,2.3,
assist people with learning impairments retain information,make learning videogames,1,3.1,3.9,
assist people with learning impairments retain information,make them do the things that need to be learn if possible,1,2.1,2.4,
assist people with learning impairments retain information,making different types of material for studying,1,2.3,2.9,
assist people with learning impairments retain information,medicine or supplements to aid in their impairments,1,2.7,1.5,
assist people with learning impairments retain information,memory/association game,1,3.1,3.2,
assist people with learning impairments retain information,menomic sequences,1,2.9,2.8,
assist people with learning impairments retain information,more appealing lessons,1,1.9,3.1,
assist people with learning impairments retain information,more frequent but easier tests so they retain information in shorter times,1,3.3,4.0,
assist people with learning impairments retain information,multiple repetitions of the material in differents forms,1,2.7,3.4,
assist people with learning impairments retain information,organisation tool kit,1,2.8,1.8,
assist people with learning impairments retain information,people often understand their own parents or close relatives so maybe modelling eteachers that will look like those people,1,3.8,2.2,
assist people with learning impairments retain information,personalized lessons,1,2.8,3.7,
assist people with learning impairments retain information,pocket cards for remembering ideas,1,2.7,2.7,
assist people with learning impairments retain information,practical situations for each subject,1,3.1,3.7,
assist people with learning impairments retain information,question-answer game to understand better,1,3.0,3.5,
assist people with learning impairments retain information,record innovative videos so they can repeat it as many times as they want,1,3.0,3.3,
assist people with learning impairments retain information,record meeting,1,2.4,2.3,
assist people with learning impairments retain information,recorded videos of the learning material so the individual can have more time to learn at their own rate,1,3.5,3.9,
assist people with learning impairments retain information,relate always to an image,1,2.4,2.8,
assist people with learning impairments retain information,reminder,1,1.4,1.1,
assist people with learning impairments retain information,repeating in fun ways the knowledge,1,2.6,3.3,
assist people with learning impairments retain information,robot that specialises in learning disability,1,3.8,3.7,
assist people with learning impairments retain information,safe drugs to help memory,1,3.1,3.4,
assist people with learning impairments retain information,search their preferences and use that for making learnings materials,1,3.2,3.3,
assist people with learning impairments retain information,"self establish books, when people learn in their time",1,2.9,2.3,
assist people with learning impairments retain information,self-guide applicaton for mobile,1,2.6,2.4,
assist people with learning impairments retain information,sensitive books and another ways to use the remaing senses,1,3.3,2.6,
assist people with learning impairments retain information,short games around the lessons,1,3.4,3.5,
assist people with learning impairments retain information,shorter lessons,1,2.0,3.0,
assist people with learning impairments retain information,simplified images,1,2.0,2.5,
assist people with learning impairments retain information,smart devices to interact,1,2.8,4.0,
assist people with learning impairments retain information,software to correct and explain the errors,1,3.3,3.8,
assist people with learning impairments retain information,"some kind of app with flashcards or something like that, which can be tailored to the specific necessities of every individual",1,3.5,3.2,
assist people with learning impairments retain information,some sort of app or website where the person immitates teaching what theyve learnt to reinforce,1,3.5,3.0,
assist people with learning impairments retain information,sounds annd images that relate to the topic,1,2.5,3.3,
assist people with learning impairments retain information,special notebooks with visual clues like color and images to help memorize better,1,3.7,3.8,
assist people with learning impairments retain information,step by step approach,1,2.0,2.5,
assist people with learning impairments retain information,"study ""coach""",1,2.5,3.1,
assist people with learning impairments retain information,studying buddy,1,1.8,2.3,
assist people with learning impairments retain information,summarize books into bullet points,1,2.1,2.4,
assist people with learning impairments retain information,summarize notes,1,1.6,1.9,
assist people with learning impairments retain information,summarize powerpoint slides,1,2.0,2.1,
assist people with learning impairments retain information,summarize what the person learn regularly,1,2.2,3.0,
assist people with learning impairments retain information,teach them in quiet places,1,1.9,3.0,
assist people with learning impairments retain information,"teaching with practical examples, videos and images",1,3.0,3.6,
assist people with learning impairments retain information,text to image,1,2.7,2.3,
assist people with learning impairments retain information,text to voice app with different accents/languages to choose from,1,3.1,3.3,
assist people with learning impairments retain information,texts with word association,1,2.3,2.7,
assist people with learning impairments retain information,trial and errors sys,1,1.7,2.3,
assist people with learning impairments retain information,try not to get mad when they make something slower,1,1.5,1.5,
assist people with learning impairments retain information,try to illustrate information,1,2.3,3.2,
assist people with learning impairments retain information,"try using different metods of learning,live videos, tex, voice,etc",1,2.9,3.3,
assist people with learning impairments retain information,use a color code to categorize different types of information,1,2.5,2.7,
assist people with learning impairments retain information,use educational tv shows,1,2.5,2.9,
assist people with learning impairments retain information,use link schemas between concepts,1,2.7,3.0,
assist people with learning impairments retain information,use memory palace,1,2.5,3.3,
assist people with learning impairments retain information,use of acronims,1,2.5,2.6,
assist people with learning impairments retain information,use of computer,1,2.0,1.6,
assist people with learning impairments retain information,use of flashcards to memorize,1,1.9,3.1,
assist people with learning impairments retain information,use of images to relate to the information,1,2.1,3.2,
assist people with learning impairments retain information,use of notebook,1,1.4,2.0,
assist people with learning impairments retain information,use post it notes for every day things,1,2.0,2.2,
assist people with learning impairments retain information,use repetition of tasks,1,2.5,3.2,
assist people with learning impairments retain information,use repitition,1,1.5,2.5,
assist people with learning impairments retain information,"use video games as teaching platforms, people with learning impairments might pay more attention if the activity isn't as boring",1,4.0,4.8,
assist people with learning impairments retain information,using robots,1,2.8,1.6,
assist people with learning impairments retain information,videos made like that was an action show or other type of genre,1,3.4,2.6,
assist people with learning impairments retain information,videos with captions  and well explained with images,1,3.0,3.1,
assist people with learning impairments retain information,visual guides,1,2.6,3.2,
assist people with learning impairments retain information,writeing everything down,1,1.7,1.8,
assist people with learning impairments retain information,wrtting tools,1,1.4,1.6,
assist people with memory impairments remember important tasks,A DEVICE THAT SEND SOME KIND OF SENATION TO THE SKIN TO REMIND THEM THINGS,2,3.6,2.5,
assist people with memory impairments remember important tasks,"A calender, color-coded, to keep in the house.",2,2.7,3.4,
assist people with memory impairments remember important tasks,CALENDAR APPLICAITON,2,1.7,2.4,
assist people with memory impairments remember important tasks,Create better calenders and  reminders of tasks.,2,2.5,3.3,
assist people with memory impairments remember important tasks,Different colors to denotate how important it is,2,2.9,2.6,
assist people with memory impairments remember important tasks,Plannning,2,1.7,1.7,
assist people with memory impairments remember important tasks,Sharethe memory with people,2,2.5,2.4,
assist people with memory impairments remember important tasks,Voice to text and texto to voice logs,2,2.8,3.1,
assist people with memory impairments remember important tasks,a phone app that consistenly reminds you of the task,2,2.7,3.2,
assist people with memory impairments remember important tasks,apps thath include a timer and the names of the tasks (like a to-do list),2,2.4,2.9,
assist people with memory impairments remember important tasks,calender apps that show as a phone notification consistently,2,2.9,3.1,
assist people with memory impairments remember important tasks,electronic calender,2,2.5,2.8,
assist people with memory impairments remember important tasks,give a jornal to them,2,2.1,1.8,
assist people with memory impairments remember important tasks,inhome devices or electronic calenders to show them reminders consistently,2,2.9,3.3,
assist people with memory impairments remember important tasks,interactive calender to set reminders,2,2.8,2.8,
assist people with memory impairments remember important tasks,interacvtive Checklists,2,2.8,3.1,
assist people with memory impairments remember important tasks,more acessible medication for those who need it,2,2.9,2.3,
assist people with memory impairments remember important tasks,pill box to help remind them to take their pills or if theyve already taken it for example every time you take a pill theres a timer and it locks until your next dosage,2,3.6,2.4,
assist people with memory impairments remember important tasks,put sticky notes arround there house,2,2.1,2.4,
assist people with memory impairments remember important tasks,sticker notes,2,1.6,2.5,
assist people with memory impairments remember important tasks,story boards,2,2.3,2.9,
assist people with memory impairments remember important tasks,system of colors for diferents activities,2,2.3,3.0,
assist people with memory impairments remember important tasks,write in notes or somwhere you can see it frecuently,2,2.5,3.3,
help people with hearing impairments participate in group conversations,A device to translate from earing to gestual movements with a monitor,3,3.3,3.0,
help people with hearing impairments participate in group conversations,Add more signs with the most commun used hand gestures.,3,2.6,2.7,
help people with hearing impairments participate in group conversations,Always stay close to the sorce of sound so you wont have much hearing problems,3,1.7,2.4,
help people with hearing impairments participate in group conversations,Augumented reality glasses that let you interpret sign language on the go,3,4.2,3.1,
help people with hearing impairments participate in group conversations,"Create a speech to text device, so the user can read what the othe person said",3,2.8,3.6,
help people with hearing impairments participate in group conversations,Create spaces where speaking is unnecesary,3,2.9,2.8,
help people with hearing impairments participate in group conversations,Develop new devices to aid people with hearing impaiments,3,3.2,3.1,
help people with hearing impairments participate in group conversations,Give them an specific moment in the convesation to speek,3,2.6,2.4,
help people with hearing impairments participate in group conversations,Glasses that allow for visable txt,3,3.2,2.6,
help people with hearing impairments participate in group conversations,More signlanguge translators,3,2.2,2.9,
help people with hearing impairments participate in group conversations,Put in places activvities that take advantages of other ways of communicating,3,3.0,3.4,
help people with hearing impairments participate in group conversations,"Teach sign langauge to every student aspiring to become a teacher, as well as a minor for every student",3,3.5,2.5,
help people with hearing impairments participate in group conversations,Use technilogy to translate into text spoken words,3,3.0,3.0,
help people with hearing impairments participate in group conversations,Using live transciption services to project subtitles onto a screen.,3,3.2,3.4,
help people with hearing impairments participate in group conversations,an easy to use app with friendly interface to help these people speak duringa conversation (text to speach),3,3.6,3.9,
help people with hearing impairments participate in group conversations,automated machines to slow down the conversation and make sente,3,3.0,2.7,
help people with hearing impairments participate in group conversations,background noice canceling device,3,2.8,2.9,
help people with hearing impairments participate in group conversations,cone with small speaker and microhppne to amplify voices,3,2.7,2.7,
help people with hearing impairments participate in group conversations,draws to help their comunication,3,2.0,2.0,
help people with hearing impairments participate in group conversations,education for the people to use sign lenguage,3,2.7,2.9,
help people with hearing impairments participate in group conversations,everyone has to draw to comunicate,3,2.3,2.1,
help people with hearing impairments participate in group conversations,"face the hearing-impaired person directly, on the same level an in good light ehenever possible",3,2.7,2.7,
help people with hearing impairments participate in group conversations,have lenguage translators,3,2.2,2.0,
help people with hearing impairments participate in group conversations,headphnes with ambient sound to increase volume and hearing better,3,2.9,3.1,
help people with hearing impairments participate in group conversations,increased awareness of disbilities such as hearing impairments,3,2.6,2.6,
help people with hearing impairments participate in group conversations,phone transciption of the conversation in real time,3,3.1,3.4,
help people with hearing impairments participate in group conversations,provide interactive sign language transaltion software so people can learn how to say what they want to say in sign language,3,3.3,3.3,
help people with hearing impairments participate in group conversations,sign langauge,3,2.4,2.7,
help people with hearing impairments participate in group conversations,sign language interpretor using hand gesture recognition,3,2.7,2.8,
help people with hearing impairments participate in group conversations,sing language,3,1.8,2.4,
help people with hearing impairments participate in group conversations,sing language interpretation devices,3,3.0,3.6,
help people with hearing impairments participate in group conversations,speach to text apps,3,2.4,3.0,
help people with hearing impairments participate in group conversations,speech to text advanced tool that automatically transcibe conversations allowing the person to follow along,3,3.0,4.1,
help people with hearing impairments participate in group conversations,talking slowly to the persno with difficulties,3,1.8,2.3,
help people with hearing impairments participate in group conversations,use of sign languaje,3,2.7,2.4,
help people with mobility impairments navigate stairs,Elevadores,4,2.1,2.9,
help people with mobility impairments navigate stairs,Introduce a law that requries every public facility that is building a new stair to also offer alternatives for people with mobility impairment e.g. ramps or lifts,4,3.9,3.6,
help people with mobility impairments navigate stairs,Make the steps wider but less far apart from eachother,4,2.8,2.8,
help people with mobility impairments navigate stairs,Ramps during building must also be considered for people woth mobility,4,2.7,3.2,
help people with mobility impairments navigate stairs,Some kind of rope that ataches to the chair and lifts the person,4,3.2,2.4,
help people with mobility impairments navigate stairs,Stair case wheel chair ramp?,4,2.5,3.0,
help people with mobility impairments navigate stairs,Wheel chair ramps,4,2.2,3.0,
help people with mobility impairments navigate stairs,Wheelchair rambs,4,2.3,3.2,
help people with mobility impairments navigate stairs,"a person type lift, to carry indeviduals from one place to another",4,2.2,2.4,
help people with mobility impairments navigate stairs,accessible ramps to provide acessible route,4,2.5,3.6,
help people with mobility impairments navigate stairs,asissted railings which move to help the person holding onto it,4,3.1,3.2,
help people with mobility impairments navigate stairs,build wheelschairs that have wheels that can safely climb up and down the stairs,4,3.3,3.5,
help people with mobility impairments navigate stairs,change their flat/appartment in a ground floor one,4,2.9,1.9,
help people with mobility impairments navigate stairs,create a special brace that has a motor which allows the use to clim,4,3.3,2.9,
help people with mobility impairments navigate stairs,elevator with your own weigth,4,2.3,2.2,
help people with mobility impairments navigate stairs,haiving someone to assis,4,2.3,2.7,
help people with mobility impairments navigate stairs,information box on stairs that notifies user of nearest escaltor/lift,4,2.4,3.3,
help people with mobility impairments navigate stairs,install stair lifts which are motorized devicces that transport individuals,4,2.8,3.5,
help people with mobility impairments navigate stairs,leg prosthetics that are flexible and bendible to stairs,4,3.4,2.4,
help people with mobility impairments navigate stairs,lots of breaks on the sairs,4,2.3,2.5,
help people with mobility impairments navigate stairs,make a trnasformable ramp,4,2.6,2.8,
help people with mobility impairments navigate stairs,make more ecenomically affordable wheelchairs and motorized weelchairs,4,2.9,2.8,
help people with mobility impairments navigate stairs,more lifts avaliable,4,2.4,4.0,
help people with mobility impairments navigate stairs,motorized wheel chair that is able to cross hard obsticals,4,3.4,2.6,
help people with mobility impairments navigate stairs,moving cover to transform stairs into ramps and viceversa,4,3.3,3.1,
help people with mobility impairments navigate stairs,movving ramp,4,2.2,3.4,
help people with mobility impairments navigate stairs,objects that help to go up on each stair supporting weigth,4,3.0,3.1,
help people with mobility impairments navigate stairs,physio therapy that actually aids in navigating difficult paths,4,3.3,2.1,
help people with mobility impairments navigate stairs,special wheelchar design to fit stairs,4,3.0,3.3,
help people with mobility impairments navigate stairs,"stair poles, so they can grap onto in case they lose balance ( mobility impairment doenst mean they cant walk, they can just have dificculty)",4,3.1,3.8,
help people with mobility impairments navigate stairs,using hinges or handeles attached to the side,4,2.5,3.1,
help people with speech impairments communicate effectively,A SPECIAL DEVICE CONECTED TO THE BRAIN TO TURN TOUGHTS INTO VERBAL SPEECH SO THE PERSON ONLY NEEDS TO THINK WHAT THEY WANT TO SAY,5,4.4,2.6,
help people with speech impairments communicate effectively,A new vocal box that works with brian waves,5,3.3,2.5,
help people with speech impairments communicate effectively,AI assistant,5,3.1,3.6,
help people with speech impairments communicate effectively,Artificial intellegence,5,2.2,2.6,
help people with speech impairments communicate effectively,Desing a device than can substitute the vocal cords,5,3.4,2.9,
help people with speech impairments communicate effectively,Desing a device with Aithat can help them translate their thoughts into words,5,3.4,3.2,
help people with speech impairments communicate effectively,Develope an AI that can coordinate people impairments to translate them to the accurate thing they want to say.,5,3.8,4.0,
help people with speech impairments communicate effectively,Text to speach applications,5,2.5,3.0,
help people with speech impairments communicate effectively,Text to speech devices based on what is meant to be said or with imput,5,2.8,3.7,
help people with speech impairments communicate effectively,apps with speech excercises,5,2.4,3.0,
help people with speech impairments communicate effectively,board that have images according the matter at question which can help people comunicate,5,2.8,2.9,
help people with speech impairments communicate effectively,communitacion boards,5,2.3,2.9,
help people with speech impairments communicate effectively,develop software that can help replace hard to say worsd with easier synonyms,5,3.3,3.5,
help people with speech impairments communicate effectively,emotion avatars that help people with imparements express themselves better,5,2.9,2.7,
help people with speech impairments communicate effectively,encoutage with gesture,5,2.5,2.6,
help people with speech impairments communicate effectively,give people a type of board that they can use to comunicate that is small enough to travel with,5,2.8,3.2,
help people with speech impairments communicate effectively,mandatory sign lenguage in schools,5,2.6,2.3,
help people with speech impairments communicate effectively,more inclusive enviroments,5,2.6,2.6,
help people with speech impairments communicate effectively,perform surgeries on the people with the proble,5,3.1,2.1,
help people with speech impairments communicate effectively,personalised speech recoginition system,5,2.9,3.5,
help people with speech impairments communicate effectively,reduce back ground voice,5,2.3,2.0,
help people with speech impairments communicate effectively,signlanguage,5,2.1,2.4,
help people with speech impairments communicate effectively,signlanguage like in books on different buttons like in elevators,5,2.3,1.8,
help people with speech impairments communicate effectively,symobolic pics,5,2.1,1.8,
help people with speech impairments communicate effectively,take your time to think what youre about to say,5,2.5,2.7,
help people with speech impairments communicate effectively,text to speech wereable device,5,2.9,3.1,
help people with speech impairments communicate effectively,"use pictures, facial expressions to comunicate",5,2.5,2.5,
help people with speech impairments communicate effectively,using machine learning to predict the speach,5,3.1,3.4,
improve access to clean water in remote areas,Build dam resevours in remote areas,6,2.8,2.9,
improve access to clean water in remote areas,Constrution of reservois,6,2.4,3.2,
improve access to clean water in remote areas,Desalinization plants in affected countries with transport of product to remote areas,6,3.2,3.1,
improve access to clean water in remote areas,Establish water destilation plants,6,2.4,3.2,
improve access to clean water in remote areas,For locations near ocean dessalination systems powred by wind or/and solar,6,2.8,2.6,
improve access to clean water in remote areas,Give access by allowing trasportation from remote areas to clean water areas,6,2.6,3.1,
improve access to clean water in remote areas,Instal bigger water pipe lines to remote areaa,6,2.4,3.4,
improve access to clean water in remote areas,Instal solar water pumpping system,6,2.6,2.8,
improve access to clean water in remote areas,Minimize the use of water based toilets and use dry-toiletts,6,3.0,3.1,
improve access to clean water in remote areas,Rain harversted water,6,2.7,3.2,
improve access to clean water in remote areas,Rise awarness about contaminated water,6,2.8,3.1,
improve access to clean water in remote areas,an elaborated system to provate clean water from de city by aquaducts,6,3.4,3.3,
improve access to clean water in remote areas,awereness of water cleaning,6,2.2,2.9,
improve access to clean water in remote areas,better filteration system to help clean and destroy bacteria,6,2.7,3.2,
improve access to clean water in remote areas,better watter storage,6,2.3,3.1,
improve access to clean water in remote areas,better wter treatment plants,6,2.3,2.3,
improve access to clean water in remote areas,build the necessary infraestructure,6,2.1,2.8,
improve access to clean water in remote areas,change micro system to be more water frendly,6,3.0,2.3,
improve access to clean water in remote areas,device to clean dirty water throught a straw,6,2.3,2.1,
improve access to clean water in remote areas,electrical water purificator,6,2.9,3.4,
improve access to clean water in remote areas,home water treatmet plans,6,2.4,3.1,
improve access to clean water in remote areas,install filteration stations which allow people to withdraw filtered water safetly at particular points,6,3.7,4.3,
improve access to clean water in remote areas,invest in water treament stations,6,2.4,3.4,
improve access to clean water in remote areas,modify desalinization techniques to clean wafwr,6,2.2,3.2,
improve access to clean water in remote areas,obtain water from condesation,6,3.2,2.7,
improve access to clean water in remote areas,provide home water teatments,6,2.6,3.4,
improve access to clean water in remote areas,put filters in pipes which will bw connected to the river to a tank of some form,6,2.6,3.5,
improve access to clean water in remote areas,solar panels to generate ellectricity to run those tanks,6,3.1,2.7,
improve access to clean water in remote areas,solar powered water pumbs,6,3.4,3.2,
improve access to clean water in remote areas,stop dumping waste on strams and dams,6,2.7,2.4,
improve access to clean water in remote areas,sytem of rain catchment.,6,2.9,3.4,
improve access to clean water in remote areas,trated water plant,6,2.9,2.9,
improve access to clean water in remote areas,"water distillation, boil the water and condense the vapour in a seperate chamber",6,3.2,3.4,
improve access to clean water in remote areas,water purifaction tablets,6,2.9,3.2,
improve access to clean water in remote areas,water transportation netorks,6,2.6,3.1,
improve access to clean water in remote areas,wind powered water aquifiers,6,3.3,3.0,
improve the efficiency of public transportation systems,Add more busses to the public transportation so they pass more frecently,7,3.0,3.4,
improve the efficiency of public transportation systems,Aircrafts that are fast and efficeint,7,2.5,1.9,
improve the efficiency of public transportation systems,Autnomous Air Taxis,7,3.8,3.3,
improve the efficiency of public transportation systems,Better oraganization of roads to destination,7,3.1,3.8,
improve the efficiency of public transportation systems,Cars that will emitt less carbon dioxide,7,3.0,2.1,
improve the efficiency of public transportation systems,Delimit use of private transportarion,7,2.8,2.4,
improve the efficiency of public transportation systems,Develop infrastructure in cities to allow for more accessable public transporataion,7,3.1,4.0,
improve the efficiency of public transportation systems,"Develop seperate roadways for buses, ride share cars.",7,3.1,3.2,
improve the efficiency of public transportation systems,Ensure the safety of peassengers by installing camaras,7,2.8,3.0,
improve the efficiency of public transportation systems,Levitating metro using semi conductor,7,3.8,1.9,
improve the efficiency of public transportation systems,Lines only for publis transportation,7,2.4,2.7,
improve the efficiency of public transportation systems,More underground subway tunels,7,3.2,3.8,
improve the efficiency of public transportation systems,Pay system controlled by coverment,7,2.6,1.8,
improve the efficiency of public transportation systems,Set tracks seperate from other transportation,7,2.8,3.7,
improve the efficiency of public transportation systems,better maintenaince and repairs,7,2.9,3.2,
improve the efficiency of public transportation systems,building small airrports,7,3.3,1.7,
improve the efficiency of public transportation systems,bulding side driveways for bikes,7,3.1,3.3,
improve the efficiency of public transportation systems,bulid more railways,7,2.6,4.2,
improve the efficiency of public transportation systems,create more routes of getting to the signle point,7,2.6,2.8,
improve the efficiency of public transportation systems,create vehicles with better composition which can accomodate more people,7,3.0,3.2,
improve the efficiency of public transportation systems,discounts on public trasnportation,7,2.6,3.2,
improve the efficiency of public transportation systems,driven is protected in his seat from the passangers,7,2.1,2.3,
improve the efficiency of public transportation systems,electrical trains and busesc,7,3.0,3.2,
improve the efficiency of public transportation systems,frind the optimum amount of people to travel at any time,7,3.0,3.6,
improve the efficiency of public transportation systems,give maintenance to the sistem on the regular,7,2.6,3.0,
improve the efficiency of public transportation systems,have a maximun number of people get in,7,2.8,3.5,
improve the efficiency of public transportation systems,higher frequecy of services,7,2.3,3.1,
improve the efficiency of public transportation systems,idetify most traveled routes,7,2.9,2.9,
improve the efficiency of public transportation systems,implement the use of fuel efficient vihicles,7,2.7,3.7,
improve the efficiency of public transportation systems,improve accessiblity,7,2.4,3.1,
improve the efficiency of public transportation systems,improvements in the bycicle culture,7,3.0,2.8,
improve the efficiency of public transportation systems,improving shcedules,7,2.6,3.6,
improve the efficiency of public transportation systems,limit the number f vehicles each household can have,7,2.8,2.7,
improve the efficiency of public transportation systems,monitoring of number of passangers,7,3.0,3.5,
improve the efficiency of public transportation systems,more people driving the tranports,7,2.6,2.4,
improve the efficiency of public transportation systems,more trains and not much waitin time in the stations,7,2.6,3.5,
improve the efficiency of public transportation systems,roads that are just for public tranports,7,2.6,2.6,
improve the efficiency of public transportation systems,self drivng vehicles,7,3.0,2.7,
improve the efficiency of public transportation systems,serch for the shortest roote every time,7,2.4,2.8,
improve the efficiency of public transportation systems,stop/vehicle connection to know if someone is ther,7,2.3,2.1,
improve the efficiency of public transportation systems,there could be free wifi provided for passangers,7,2.9,2.8,
improve the efficiency of public transportation systems,traffic flexibilty,7,2.8,2.9,
improve the efficiency of public transportation systems,use magnets on the roads to have cars that dont use gas and limit speed and traffic.,7,3.9,2.3,
improve the efficiency of public transportation systems,using live chedules,7,2.1,2.7,
improve the safety of pedestrian crossings,Bar system to avoid conctact bewteen traffic and people,8,3.2,3.7,
improve the safety of pedestrian crossings,Cats that automatically stop at cross walks,8,2.3,1.6,
improve the safety of pedestrian crossings,Have crossign with wheelchair accesibility and blind people,8,2.7,2.9,
improve the safety of pedestrian crossings,Make sure these zones have a lot of visbility t,8,2.4,2.6,
improve the safety of pedestrian crossings,"More ilumination in the pedestrian cross, so automobiles can see people from distance",8,3.6,3.9,
improve the safety of pedestrian crossings,Over head or underground crossings,8,2.8,3.7,
improve the safety of pedestrian crossings,Physical blocades on crossings that forbid you from etnering it if the light is red for a pedestrian,8,2.6,3.0,
improve the safety of pedestrian crossings,Underground peddestrian streets,8,3.0,3.5,
improve the safety of pedestrian crossings,Where its possible add barrier when pedastrian has green light,8,2.6,3.6,
improve the safety of pedestrian crossings,automated boom-gate to close roads for pedetrians,8,2.7,3.1,
improve the safety of pedestrian crossings,automatic barriers that sincronize with traffic lights.,8,3.7,3.9,
improve the safety of pedestrian crossings,autonomus driving car with safety,8,2.9,2.2,
improve the safety of pedestrian crossings,barriers for pedestriants,8,2.7,3.0,
improve the safety of pedestrian crossings,by night also is needed some lights attached to the ground or luminiscent paint to illuminate the crossings,8,3.4,3.9,
improve the safety of pedestrian crossings,create a sensor that deactivates all cars when red lights - so pedestrains can cross safetely,8,3.9,3.5,
improve the safety of pedestrian crossings,diferents signis where you can corss safety,8,2.4,2.8,
improve the safety of pedestrian crossings,high viiblity,8,2.6,3.8,
improve the safety of pedestrian crossings,incrementing the use of traffice lights,8,2.4,3.0,
improve the safety of pedestrian crossings,inteligent crossings,8,2.3,2.5,
improve the safety of pedestrian crossings,light poole lithning,8,2.3,2.6,
improve the safety of pedestrian crossings,post signs near zebra crossings stating to look left-right-left,8,3.1,3.3,
improve the safety of pedestrian crossings,put speed bumps just before pedestrian corssings so cars have to slow down regardless,8,2.7,3.1,
improve the safety of pedestrian crossings,putting lights on the pedestrianos crossing to be visible to the cars,8,2.5,3.3,
improve the safety of pedestrian crossings,seperate lanes for people with disablities,8,2.7,2.4,
improve the safety of pedestrian crossings,some noise emiting device that em,8,2.2,1.8,
improve the safety of pedestrian crossings,something that phisically stops the cars from moving when their traffic light is not green,8,3.2,3.7,
improve the safety of pedestrian crossings,special pooles to prevent cars drive trhough crossing while red,8,3.2,3.1,
improve the safety of pedestrian crossings,speed infromation for car to determine if they can manage to stop before crossing,8,3.0,3.5,
improve the safety of pedestrian crossings,speeding car detection to infrom pedestrians,8,3.1,2.9,
improve the safety of pedestrian crossings,vigilant drones,8,4.1,2.0,
improve the safety of pedestrian crossings,virbant colour for pedestrians,8,2.4,3.1,
increase the use of renewable energy sources,Build hydrodams,9,2.6,2.4,
increase the use of renewable energy sources,Give incenctives to users to use renewable energy more,9,2.6,3.7,
increase the use of renewable energy sources,Goverment has to comply with renewable energy sources on m,9,2.7,3.1,
increase the use of renewable energy sources,"Implement them from the beggining when possible, like with new houses",9,3.4,3.8,
increase the use of renewable energy sources,Impose less geographic restrictions on companied greating renewable energy until the markey is largr enough to regulate more,9,3.0,4.1,
increase the use of renewable energy sources,Installing solar pannels in schools and universities where it is used a lot,9,3.5,3.9,
increase the use of renewable energy sources,Installing solar pannels on hospitals and government buildings,9,3.0,4.1,
increase the use of renewable energy sources,New construtions methods,9,2.2,2.0,
increase the use of renewable energy sources,Reduce costs to adquire them,9,2.5,2.9,
increase the use of renewable energy sources,Renewable energy inniovation competition,9,3.2,2.7,
increase the use of renewable energy sources,Solar pannels on shades,9,2.8,2.7,
increase the use of renewable energy sources,Teach people about reusable energy sources,9,2.5,3.7,
increase the use of renewable energy sources,Use the Cyclying in the Gym to produce electricity,9,4.3,2.7,
increase the use of renewable energy sources,Wind Turbing Integration,9,2.1,2.8,
increase the use of renewable energy sources,better energy transfering,9,2.3,2.3,
increase the use of renewable energy sources,bio fuels,9,2.2,3.1,
increase the use of renewable energy sources,build more reneable energy centers in the sea,9,2.6,3.0,
increase the use of renewable energy sources,cheap techniques of renawable enrgies,9,2.5,2.4,
increase the use of renewable energy sources,do not make renewable energy sourcesto be overpriced,9,2.5,3.3,
increase the use of renewable energy sources,dont throw away a device thats old,9,2.7,2.7,
increase the use of renewable energy sources,electric cars charging partly via solar pannels on the chargers,9,3.0,3.3,
increase the use of renewable energy sources,eletric cars,9,1.6,2.0,
increase the use of renewable energy sources,facitlitate the access to renewable energy sources like solar panels to the people,9,2.6,3.2,
increase the use of renewable energy sources,fast food franchises having solar pannels on their roofs,9,3.5,3.2,
increase the use of renewable energy sources,find an alternative method that isnt harmful to society,9,2.1,2.9,
increase the use of renewable energy sources,generate electricity form sea water,9,3.1,3.2,
increase the use of renewable energy sources,give the chance to independet enerfy producer to sell their energy excedent to the network if they generate it using renwabel eenry,9,3.3,3.3,
increase the use of renewable energy sources,implementing systems to produce energy from big rivers water movementin cities,9,3.6,3.7,
increase the use of renewable energy sources,invest in fision reasearch,9,3.0,2.7,
increase the use of renewable energy sources,make low costing solar pannels,9,2.5,3.8,
increase the use of renewable energy sources,make reusable energy sources easily attainable for the people,9,2.8,3.6,
increase the use of renewable energy sources,make these resources cheap and accesible by working with universities,9,2.9,3.1,
increase the use of renewable energy sources,more efficient solar pannels,9,2.6,2.5,
increase the use of renewable energy sources,more solar pannels,9,2.2,3.1,
increase the use of renewable energy sources,offer tax incentives for adopting alternative powrt,9,2.3,3.5,
increase the use of renewable energy sources,paddels to step on to make energy,9,3.4,2.5,
increase the use of renewable energy sources,promove the use of solar painels in industries and public buildings to set the exemple,9,2.7,3.5,
increase the use of renewable energy sources,provide rental electric vehicles for personal jse,9,3.1,3.4,
increase the use of renewable energy sources,rain use to make elekctircity,9,2.8,2.6,
increase the use of renewable energy sources,reusage,9,2.0,1.9,
increase the use of renewable energy sources,river momentum enegry,9,3.2,2.8,
increase the use of renewable energy sources,slowly begin the transision of fossil fuel to electrical power in trasportation vehicles,9,2.9,3.4,
increase the use of renewable energy sources,solar pannel,9,2.0,2.2,
increase the use of renewable energy sources,turbines that dont require too much wind and maintance,9,3.2,3.6,
increase the use of renewable energy sources,use wind turbinds more,9,2.3,3.0,
increase the use of renewable energy sources,using the sewage generated by house to generate gas mostly in village houses that have cows and can use cowdung for gober gas,9,4.2,3.2,
reduce air pollution in cities,Ban the use of poly plastics and derivates.,10,3.1,2.8,
reduce air pollution in cities,Build more solar panels on rooves of buildings,10,2.2,2.9,
reduce air pollution in cities,Changing from diesel cars to nitrogene,10,3.3,2.7,
reduce air pollution in cities,Decrese use of cars,10,2.0,1.8,
reduce air pollution in cities,Electrical cars,10,2.2,2.7,
reduce air pollution in cities,Godd public transport infrastructure,10,2.6,3.1,
reduce air pollution in cities,Imposse more taxes to the industrys that use more non renovable fuels.,10,2.6,2.9,
reduce air pollution in cities,Increse use of alternatives transports,10,2.5,3.0,
reduce air pollution in cities,"Limiting the personal possesion of cars, to 1",10,2.9,2.4,
reduce air pollution in cities,Low emmision zones should be important and more of those should be created.,10,2.7,3.5,
reduce air pollution in cities,Plant more native low maintanance trees,10,2.7,2.6,
reduce air pollution in cities,See what factories generate mora pollutio,10,2.4,2.3,
reduce air pollution in cities,Usage of electrical cars,10,2.6,3.4,
reduce air pollution in cities,Walk able cities,10,2.4,2.8,
reduce air pollution in cities,aplly fines for fire,10,3.2,2.6,
reduce air pollution in cities,build ecofriendly homes,10,3.4,3.2,
reduce air pollution in cities,cashback to taxi owners with older vehicl,10,2.7,1.9,
reduce air pollution in cities,educate citizens about polution,10,2.1,3.4,
reduce air pollution in cities,good distribution of trash and gas emisions,10,2.9,2.7,
reduce air pollution in cities,industries should mak esur ethat the gases relesased are safe by converting them prior to release,10,3.4,2.7,
reduce air pollution in cities,make it so that trains are more widly used for transport,10,3.0,3.5,
reduce air pollution in cities,more parks and forest in citys,10,2.3,3.1,
reduce air pollution in cities,more public tansport incentive,10,2.7,3.1,
reduce air pollution in cities,restriction of type of cars alloud in the city,10,3.2,2.8,
reduce air pollution in cities,start to plan where you will transition to electric cars exclusevily,10,3.1,2.9,
reduce air pollution in cities,trap the smoke from chimneas by using electric coils,10,3.5,2.7,
reduce air pollution in cities,trees on side walks,10,2.5,2.9,
reduce air pollution in cities,use bycicles,10,2.3,2.2,
reduce air pollution in cities,use of more pulic transport like trains,10,2.5,2.9,
reduce air pollution in cities,usinn the public transortation,10,2.2,2.3,
reduce the amount of litter in public spaces and promote waste reduction and recycling,Colored trash cans placed in convinient places.,11,2.8,2.8,
reduce the amount of litter in public spaces and promote waste reduction and recycling,Create laws that requiere stores to avoid using or selling 1 time use products,11,2.7,2.6,
reduce the amount of litter in public spaces and promote waste reduction and recycling,"Educate children in the school and teach team to inform their parents what they learnt. Also, let them raise awreness when the see those",11,3.2,3.8,
reduce the amount of litter in public spaces and promote waste reduction and recycling,"Enforce waste recylcing bins everywhere, for glass, paper and plastic.",11,2.6,3.8,
reduce the amount of litter in public spaces and promote waste reduction and recycling,Give something to people when they trow waste in bins,11,2.9,2.7,
reduce the amount of litter in public spaces and promote waste reduction and recycling,"Hollow statues (for example, giant fish made from nets or other recicled materials close to the beach) that the general public should fill up with products that can be recycled.",11,4.1,3.7,
reduce the amount of litter in public spaces and promote waste reduction and recycling,Instal recyclying bins in public places,11,2.1,2.9,
reduce the amount of litter in public spaces and promote waste reduction and recycling,More awarness about the polution with litter in public spaces,11,2.1,2.8,
reduce the amount of litter in public spaces and promote waste reduction and recycling,"Motion sensor trash baskets, that detect item being thrown into them and enforce positive encouragment towards users",11,4.5,3.4,
reduce the amount of litter in public spaces and promote waste reduction and recycling,Puts camras in the place of most dirty spaces and capture the people who throws it. Then publish the picture in the big screen,11,3.0,2.4,
reduce the amount of litter in public spaces and promote waste reduction and recycling,"QR based ""games"" to acccumilate points",11,1.6,2.0,
reduce the amount of litter in public spaces and promote waste reduction and recycling,Tickets/fines to anyone who doesnt put their litter in the right spot,11,2.6,2.9,
reduce the amount of litter in public spaces and promote waste reduction and recycling,approach the issue with enviromentalism in mind,11,2.4,2.7,
reduce the amount of litter in public spaces and promote waste reduction and recycling,auto-cleaning trashcans,11,4.0,2.8,
reduce the amount of litter in public spaces and promote waste reduction and recycling,awareness program to educate the comminity,11,2.7,3.5,
reduce the amount of litter in public spaces and promote waste reduction and recycling,awarness of recycling,11,1.6,2.7,
reduce the amount of litter in public spaces and promote waste reduction and recycling,basic reminders frquently,11,1.7,1.9,
reduce the amount of litter in public spaces and promote waste reduction and recycling,"basketball hoop on top of trash can, with a bigger thrash can around that one to catch the litter that misses the hoop",11,3.7,2.7,
reduce the amount of litter in public spaces and promote waste reduction and recycling,bigger fines if a person is caught trowing litter on the floor,11,2.3,3.0,
reduce the amount of litter in public spaces and promote waste reduction and recycling,"bottle refill stations, that stimulate people resusing the same bottle more times",11,3.1,3.2,
reduce the amount of litter in public spaces and promote waste reduction and recycling,build a trashbin that claps everytime you put something in it,11,3.6,2.6,
reduce the amount of litter in public spaces and promote waste reduction and recycling,buildings having in wall trashcans,11,3.2,2.4,
reduce the amount of litter in public spaces and promote waste reduction and recycling,colaborate with local artists to design trash bins unique making them feel like comunity is part of the effort of recycling,11,3.7,3.6,
reduce the amount of litter in public spaces and promote waste reduction and recycling,enviromental education,11,2.6,2.9,
reduce the amount of litter in public spaces and promote waste reduction and recycling,enviromental programs to help people with recycling,11,2.4,3.1,
reduce the amount of litter in public spaces and promote waste reduction and recycling,have firm and strict lawenforcement,11,2.3,2.5,
reduce the amount of litter in public spaces and promote waste reduction and recycling,make the cost of recyclable products more expesinve and the only way of compensating it is by returning the item to its recycling bin,11,3.5,3.5,
reduce the amount of litter in public spaces and promote waste reduction and recycling,massive robotic vaccums,11,3.7,2.4,
reduce the amount of litter in public spaces and promote waste reduction and recycling,more incentives to recyle eg. payment for returning certain items,11,2.9,3.4,
reduce the amount of litter in public spaces and promote waste reduction and recycling,more trashcans,11,2.2,2.8,
reduce the amount of litter in public spaces and promote waste reduction and recycling,one thrash bin that detects the thrash thats gets thrwon there and that sends it into a different container for recycling,11,4.0,3.7,
reduce the amount of litter in public spaces and promote waste reduction and recycling,proper implementation of fines and proper monitering,11,2.7,3.1,
reduce the amount of litter in public spaces and promote waste reduction and recycling,public campaing for a public behavior change,11,2.8,3.1,
reduce the amount of litter in public spaces and promote waste reduction and recycling,"put huge bins in front off people, and with vibrant colors",11,2.6,2.6,
reduce the amount of litter in public spaces and promote waste reduction and recycling,reduce ammount of wrappings for products,11,3.1,3.8,
reduce the amount of litter in public spaces and promote waste reduction and recycling,reduce taxes on those who are willing to turn their neightborhood into a recycling center,11,3.7,3.4,
reduce the amount of litter in public spaces and promote waste reduction and recycling,robots that colects trash in public spaces,11,3.8,3.2,
reduce the amount of litter in public spaces and promote waste reduction and recycling,show people the effects of litter on local ecosytems and wildlife,11,2.7,3.2,
reduce the amount of litter in public spaces and promote waste reduction and recycling,the streets should be equiped with airducts that suck rubbish are depposited into some place to be collected,11,3.5,3.3,
reduce the amount of litter in public spaces and promote waste reduction and recycling,tv ads to promote the no littering rulke,11,2.2,2.6,
reduce the amount of litter in public spaces and promote waste reduction and recycling,use a lot of signs to condem littering,11,2.0,2.4,
reduce the amount of single-use plastic packaging used in retail products,Decrese use de packaging,12,2.2,2.6,
reduce the amount of single-use plastic packaging used in retail products,Life expectancy of products manufatcured to be as long as possible and not via capitalism,12,2.8,3.4,
reduce the amount of single-use plastic packaging used in retail products,Machinery allocates each individul purchase with the fair amount of stock in plastic wrapping now to be loose and can't choose get what is given,12,3.8,3.4,
reduce the amount of single-use plastic packaging used in retail products,Make the product secure without wrapping it in plastic (with a cardboard holder or somehting),12,3.1,3.3,
reduce the amount of single-use plastic packaging used in retail products,Promote reuseble plastic packaging,12,2.4,3.7,
reduce the amount of single-use plastic packaging used in retail products,"Remove all plastic in the shop when unpacking stock, then reuse that plastic for storin",12,3.3,3.4,
reduce the amount of single-use plastic packaging used in retail products,Replace single-ise plastics with biodegradable materials,12,2.6,3.5,
reduce the amount of single-use plastic packaging used in retail products,Use recyclable clothe bags,12,2.3,3.0,
reduce the amount of single-use plastic packaging used in retail products,advice costomers to stop buying plastic packaged,12,1.8,3.2,
reduce the amount of single-use plastic packaging used in retail products,aplly fines for excess of plastic,12,2.1,2.6,
reduce the amount of single-use plastic packaging used in retail products,compostible food packaging,12,2.3,3.1,
reduce the amount of single-use plastic packaging used in retail products,create more environmentaly friendly packaging,12,2.5,3.5,
reduce the amount of single-use plastic packaging used in retail products,develop a biodegradable sustitute,12,2.8,3.4,
reduce the amount of single-use plastic packaging used in retail products,"devolop other packages that are more interesting and might make people curious to buy them, like fabric packaging for example",12,3.3,3.8,
reduce the amount of single-use plastic packaging used in retail products,encourage a switch to paper-based or other sustainable materals,12,2.6,2.7,
reduce the amount of single-use plastic packaging used in retail products,fines for using single-use plastic unless neccessary,12,3.2,3.2,
reduce the amount of single-use plastic packaging used in retail products,giving incentives to curb littering of plastic pruduce,12,2.2,2.5,
reduce the amount of single-use plastic packaging used in retail products,in restrants stop giving away utinsils in takeaways,12,2.5,2.2,
reduce the amount of single-use plastic packaging used in retail products,"include advertisements in retail settings for multi-use containers, including warnings about environment imapcts",12,2.6,3.4,
reduce the amount of single-use plastic packaging used in retail products,make recyclable materials cheaer,12,2.7,3.0,
reduce the amount of single-use plastic packaging used in retail products,multi function conteiners,12,3.2,2.9,
reduce the amount of single-use plastic packaging used in retail products,paper conteiners,12,1.9,2.3,
reduce the amount of single-use plastic packaging used in retail products,paper inside shoe boxes or new shirts can be totatlly removed.,12,3.1,2.7,
reduce the amount of single-use plastic packaging used in retail products,produce friendly and easy to carry plastics which are recycleable,12,2.5,3.3,
reduce the amount of single-use plastic packaging used in retail products,provide alternative cheap environemntally friendly option,12,2.4,3.3,
reduce the amount of single-use plastic packaging used in retail products,recicle the usefull parts of plastic,12,2.3,3.0,
reduce the amount of single-use plastic packaging used in retail products,reduce ammount of packaging (toothpaste),12,2.5,2.3,
reduce the amount of single-use plastic packaging used in retail products,stop putting unessary layers of plastic in packages,12,2.6,3.2,
reduce the amount of single-use plastic packaging used in retail products,use less plastic in areas that are not necesary,12,2.6,3.2,
reduce the amount of single-use plastic packaging used in retail products,use more recyclabe packaging,12,2.3,2.9,
reduce the amount of single-use plastic packaging used in retail products,use paperbags,12,1.9,2.5,
reduce the amount of single-use plastic packaging used in retail products,use reciclable materials like paper,12,2.5,3.1,
reduce the amount of single-use plastic packaging used in retail products,use recycable paper bags,12,2.3,3.2,
reduce the amount of single-use plastic packaging used in retail products,using contaner or canisters for refilling,12,2.9,2.9,
reduce the amount of single-use plastic packaging used in retail products,using durable plastic that doesnt easily get torn,12,3.0,3.1,
reduce the carbon footprint of office buildings,A system to measure the air contaminantion,13,3.3,3.7,
reduce the carbon footprint of office buildings,Add vehicules to transporter the people that work there instead of using there own vehicules,13,3.2,3.4,
reduce the carbon footprint of office buildings,Being as minimalistic as posible,13,2.5,2.3,
reduce the carbon footprint of office buildings,Develop a recyling system also embedded on the building so that people can more easily have this behaviour,13,3.6,3.7,
reduce the carbon footprint of office buildings,Have a good air filtration system embedded on these buldings that is mandatory to have from the moment they are ready to accomodate business,13,3.6,4.0,
reduce the carbon footprint of office buildings,Have good insulation for temperture efficiancy,13,3.0,3.3,
reduce the carbon footprint of office buildings,Have sollar panels,13,2.1,3.3,
reduce the carbon footprint of office buildings,Instal sensors that can monitore when to turn on and off ligths automatically,13,3.5,4.2,
reduce the carbon footprint of office buildings,Install solar pannels,13,1.8,3.1,
reduce the carbon footprint of office buildings,Reclycling,13,1.7,2.3,
reduce the carbon footprint of office buildings,Reuse garbage as composte,13,2.7,2.3,
reduce the carbon footprint of office buildings,The use of ecofriendly material's,13,2.7,3.1,
reduce the carbon footprint of office buildings,Use of eco eficient equipment,13,2.3,2.9,
reduce the carbon footprint of office buildings,Use smart appliences,13,2.7,3.0,
reduce the carbon footprint of office buildings,Use water treatmen systems to reutilize the waste water,13,3.3,3.3,
reduce the carbon footprint of office buildings,"Using the better ilumination system you could, to reduce the quanttity of light lamps",13,2.9,3.1,
reduce the carbon footprint of office buildings,anti-carbo foot print designs,13,2.2,2.6,
reduce the carbon footprint of office buildings,change the office lighting to more enviromental friendly light bulbs,13,2.9,3.4,
reduce the carbon footprint of office buildings,during pause use bicycle to use the coffe maker,13,3.1,2.1,
reduce the carbon footprint of office buildings,employee awreness and engagement,13,2.6,2.4,
reduce the carbon footprint of office buildings,implement corrective maintence to old devices to prevent of early disposal of them and give them a second use,13,3.2,3.9,
reduce the carbon footprint of office buildings,install solar pannels,13,2.4,3.2,
reduce the carbon footprint of office buildings,insted of ac cooling use passive systems,13,3.2,3.3,
reduce the carbon footprint of office buildings,invest in rewnewable energy such as solar panels,13,2.3,4.0,
reduce the carbon footprint of office buildings,mantain a constant temperature,13,2.1,2.1,
reduce the carbon footprint of office buildings,minimalistic office space,13,2.4,2.7,
reduce the carbon footprint of office buildings,optimize air conditoning,13,2.6,2.8,
reduce the carbon footprint of office buildings,optimize ligthning in the office building,13,3.1,3.2,
reduce the carbon footprint of office buildings,promote public transort to work,13,2.9,3.4,
reduce the carbon footprint of office buildings,promote the use of halls as office spaces ruther than single offices to limit the number of temerature controlers,13,2.8,2.7,
reduce the carbon footprint of office buildings,reduce energy comsumption,13,2.4,3.4,
reduce the carbon footprint of office buildings,reduce the production temperatures associated with the production of centain cementious materials,13,3.3,3.3,
reduce the carbon footprint of office buildings,replace any single use item with ones that can be reusable or recycable,13,2.3,2.8,
reduce the carbon footprint of office buildings,should use solar energy on ther roof,13,2.7,3.5,
reduce the carbon footprint of office buildings,solar pannels,13,2.2,3.1,
reduce the carbon footprint of office buildings,stall a scaner at door,13,2.5,1.9,
reduce the carbon footprint of office buildings,to not use the air condition very ofen,13,2.6,2.8,
reduce the carbon footprint of office buildings,use indigionus materials like cow dung ash,13,2.8,1.8,
reduce the carbon footprint of office buildings,use of eco eficient materials,13,2.8,3.5,
reduce the carbon footprint of office buildings,use of re usable cutterly,13,2.5,2.3,
reduce the carbon footprint of office buildings,use of reneweable energy,13,2.0,3.0,
reduce the carbon footprint of office buildings,wasterwater power generation system,13,2.9,3.3,
reduce the environmental impact of air travel,Air travel can instead use high atmosphere zepplin style floatation to carry the craft without burning fuel in the air and using solar to power props instead,14,4.5,4.0,
reduce the environmental impact of air travel,Country-Cross long range (electric) train system (electric from green energy soruce or Nuclear with modern design),14,3.7,4.4,
reduce the environmental impact of air travel,Develop effective catalyst on bad emmision.,14,2.9,2.8,
reduce the environmental impact of air travel,Eletric engines,14,2.9,2.6,
reduce the environmental impact of air travel,Eletric planes,14,1.6,2.1,
reduce the environmental impact of air travel,Encourage the use of public trasportation for short travel distances,14,2.5,2.6,
reduce the environmental impact of air travel,Have two levels for people seatting,14,2.4,2.8,
reduce the environmental impact of air travel,Hidrogen powered planes,14,3.4,2.5,
reduce the environmental impact of air travel,More fuel efficnent engines,14,3.0,3.1,
reduce the environmental impact of air travel,Online meeting than bussiness travels,14,2.6,2.7,
reduce the environmental impact of air travel,Redirect traffic two cities with ground connectios  to other cities (train),14,2.9,3.4,
reduce the environmental impact of air travel,Start making electrical air planes,14,3.2,2.7,
reduce the environmental impact of air travel,ban single use plastic bags and bottels during travel,14,2.4,2.1,
reduce the environmental impact of air travel,better waste managment,14,1.9,2.3,
reduce the environmental impact of air travel,create an biofuel that can be less pollutant than diesel.,14,3.3,2.7,
reduce the environmental impact of air travel,design electronic aircrafts instead of useing fu,14,3.1,1.9,
reduce the environmental impact of air travel,develop a different type of fuel that is less poluting,14,3.2,3.2,
reduce the environmental impact of air travel,develop aircraft that could run on compress natural gas CNG,14,3.2,2.6,
reduce the environmental impact of air travel,develop better fuels which release less harmful emmisions,14,3.1,3.1,
reduce the environmental impact of air travel,efficient airport desighn,14,2.4,2.3,
reduce the environmental impact of air travel,electric populsion,14,2.7,2.4,
reduce the environmental impact of air travel,incentivazing travel on train and bus inside the same country or even other countrys that are near. Making it more accessible by land than by air,14,3.5,4.1,
reduce the environmental impact of air travel,increase vehicle poution restrictions,14,2.3,2.6,
reduce the environmental impact of air travel,invest in emissions offests,14,2.2,2.2,
reduce the environmental impact of air travel,lighter plane mateirals,14,2.6,2.8,
reduce the environmental impact of air travel,make more efficiente engines,14,2.4,3.1,
reduce the environmental impact of air travel,make routes that interfere the less posible with native animals,14,2.5,2.8,
reduce the environmental impact of air travel,optimization of airport locations within countries and continetns,14,2.7,2.9,
reduce the environmental impact of air travel,"plant ""x"" trees per flight to compensate for carbon emitions",14,2.7,3.2,
reduce the environmental impact of air travel,produce more reliable airplanes than the ones thar already exists,14,2.4,3.1,
reduce the environmental impact of air travel,reduced weigth,14,2.2,2.6,
reduce the environmental impact of air travel,send laguage by train/lory few day ealrer to save space in plan/reduce weight,14,2.8,3.0,
reduce the environmental impact of air travel,to avoid fiving passengers food that is packed in no-recylable material like plastics,14,2.5,3.0,
reduce the environmental impact of air travel,"use elecricity to instead of gas to run bus, car or even aeroplane",14,2.8,3.0,
reduce the environmental impact of air travel,water driven air trave,14,2.9,2.1,
reduce the environmental impact of air travel,weigth passangers and make it impact the cost of ticket,14,3.2,2.6,
reduce the risk of accidents caused by distracted driving,Ai cameras,15,3.3,2.5,
reduce the risk of accidents caused by distracted driving,Ai cars,15,2.6,2.3,
reduce the risk of accidents caused by distracted driving,Artificial inteligence algorithm the keeps the car in line when it detects to many disturcance on the wheel,15,3.7,3.9,
reduce the risk of accidents caused by distracted driving,Compatable features in the vehicles to avoid the driver from being distructed,15,2.5,3.1,
reduce the risk of accidents caused by distracted driving,EM blocking cars that make any phone inside unable to recieve or make calls,15,3.7,3.0,
reduce the risk of accidents caused by distracted driving,Educate people on psycological aspects of what causes distrcation during driving.,15,2.9,3.4,
reduce the risk of accidents caused by distracted driving,Focus alert when not looking infront of you or your mirrors,15,3.0,2.7,
reduce the risk of accidents caused by distracted driving,Increase of visual light sings on highways,15,3.2,2.8,
reduce the risk of accidents caused by distracted driving,Increase the fines of mobile usage while diriving,15,2.6,3.0,
reduce the risk of accidents caused by distracted driving,"Make car piloting a combination of AI and user inputs, each being a coeeficient of the car control, in order to eliminate impact from user actions",15,3.4,4.4,
reduce the risk of accidents caused by distracted driving,Sensors to cut the engine when the driver appears to be distructed,15,3.2,3.0,
reduce the risk of accidents caused by distracted driving,Visual Augmented Rreality enhanced vision,15,3.5,3.1,
reduce the risk of accidents caused by distracted driving,allow voice answering system for driver to just answer the phone via voice  recocnition,15,2.7,3.3,
reduce the risk of accidents caused by distracted driving,auto stop if not paying atention,15,3.0,2.9,
reduce the risk of accidents caused by distracted driving,better engineered cars that reduce the likelyhood of injury when accidents do happen,15,2.6,3.0,
reduce the risk of accidents caused by distracted driving,better surveilance over people irresponsible driving,15,2.8,3.5,
reduce the risk of accidents caused by distracted driving,build cars that have automated brake system incase they are too close to other cars of objects along the road,15,3.8,3.7,
reduce the risk of accidents caused by distracted driving,bumps of edge of lanes,15,2.6,2.6,
reduce the risk of accidents caused by distracted driving,car indicators to make you pay atention,15,2.6,3.0,
reduce the risk of accidents caused by distracted driving,certain buttons and functions dont work when car is movin,15,3.2,2.6,
reduce the risk of accidents caused by distracted driving,develope more AI based sistems installed on the cars to avoid accidents,15,2.9,3.9,
reduce the risk of accidents caused by distracted driving,efficient routs for the public transportation,15,2.3,2.5,
reduce the risk of accidents caused by distracted driving,eye monitoing system,15,3.5,3.1,
reduce the risk of accidents caused by distracted driving,focus sound alterts,15,3.3,2.3,
reduce the risk of accidents caused by distracted driving,gadget that prevents people form using cell phone,15,3.3,2.9,
reduce the risk of accidents caused by distracted driving,glasses to look straightfoward,15,3.3,2.2,
reduce the risk of accidents caused by distracted driving,improve car safety tecnology on accidents impact,15,3.2,3.9,
reduce the risk of accidents caused by distracted driving,increase the amount of fines given to those who drive carelesly,15,2.5,3.2,
reduce the risk of accidents caused by distracted driving,interconectivity between cars,15,3.7,2.5,
reduce the risk of accidents caused by distracted driving,introduce car sensors for passing car to detact if the drives focus in on the road,15,3.0,3.1,
reduce the risk of accidents caused by distracted driving,keeping yout distance with the cars near you,15,1.8,3.5,
reduce the risk of accidents caused by distracted driving,less car dependant city infrestructure,15,2.6,2.5,
reduce the risk of accidents caused by distracted driving,more rough santions if you are using your celular while driving,15,2.7,3.2,
reduce the risk of accidents caused by distracted driving,priximity sensors on the sides of the cart,15,3.3,3.5,
reduce the risk of accidents caused by distracted driving,put advertisments for cars at traffic lights,15,2.4,2.4,
reduce the risk of accidents caused by distracted driving,removin big screens in cars,15,2.6,2.9,
reduce the risk of accidents caused by distracted driving,road bumps to alert driv,15,2.6,1.7,
reduce the risk of accidents caused by distracted driving,safety campaings,15,2.4,2.4,
reduce the risk of accidents caused by distracted driving,"sensors around the car that observe the situation and in case of danger or as a warning send info to the driver as uncomfortable haptic feedbck (vibrating steering wheel, pedals, seat etc)",15,3.8,4.0,
reduce the risk of accidents caused by distracted driving,sink car to phone so that it detects when the driver is driving and doesnt allow the screen to switch on,15,3.8,3.2,
reduce the risk of accidents caused by distracted driving,steering wheel sensors that mesure when the driver does not have both hands on wheel,15,3.0,3.7,
reduce the risk of accidents caused by distracted driving,touch pad on the steeering,15,2.8,2.5,
reduce the risk of accidents caused by distracted driving,train based city infraestructure,15,2.2,2.1,
reduce traffic congestion in mega cities,Autonomous Air Taxis,16,3.1,1.9,
reduce traffic congestion in mega cities,Building new roads on a cheaper bugdet  to allow,16,2.4,3.0,
reduce traffic congestion in mega cities,Develop in infrastructure for public transporation,16,2.9,3.2,
reduce traffic congestion in mega cities,Develope better public transport that reduces the amount of cars on the road. Better train and bus systems.,16,2.9,4.4,
reduce traffic congestion in mega cities,Diffrent work times,16,2.4,3.2,
reduce traffic congestion in mega cities,Free self-used public transport (escooters),16,2.7,3.2,
reduce traffic congestion in mega cities,Have corporations offer housing to empolyees near their offices.,16,3.6,3.5,
reduce traffic congestion in mega cities,"Having varying speeds can increase congestion, introduce minimun and maximum speeds which have only a difference of 10km/h",16,3.1,3.8,
reduce traffic congestion in mega cities,Improve public transportation service quality efficieny,16,3.0,3.6,
reduce traffic congestion in mega cities,Make traffic lighst communicate with each other,16,2.6,3.4,
reduce traffic congestion in mega cities,Motivize working form home.,16,2.4,3.0,
reduce traffic congestion in mega cities,Overpass/undepass,16,2.9,2.8,
reduce traffic congestion in mega cities,Publci transpor,16,2.0,3.6,
reduce traffic congestion in mega cities,Walk able cities,16,2.3,2.9,
reduce traffic congestion in mega cities,a highspeed underground metrotunnel,16,3.3,4.1,
reduce traffic congestion in mega cities,add a round about for traffic flow,16,2.5,3.3,
reduce traffic congestion in mega cities,auto pilot,16,2.1,2.1,
reduce traffic congestion in mega cities,bicicles roads,16,2.4,3.1,
reduce traffic congestion in mega cities,built the infrastucture for better movility in the city,16,2.9,3.7,
reduce traffic congestion in mega cities,buses more accesible,16,2.5,4.2,
reduce traffic congestion in mega cities,bycicle culture,16,2.4,3.3,
reduce traffic congestion in mega cities,cable cars for some specific areas prone to bottle necks,16,2.7,3.1,
reduce traffic congestion in mega cities,car vibrated when it get too close to other car when drvinging at high speed,16,3.1,2.4,
reduce traffic congestion in mega cities,create better free parking spaces so that people dont park on sides of the road,16,2.8,2.6,
reduce traffic congestion in mega cities,create big enough roads fpr effective traffic flow,16,2.7,3.4,
reduce traffic congestion in mega cities,create studies of the amount of people moving inside the city and wher,16,2.7,3.4,
reduce traffic congestion in mega cities,creating bicycle lanes for bicyles,16,2.5,3.7,
reduce traffic congestion in mega cities,culture of bicicles,16,2.2,3.4,
reduce traffic congestion in mega cities,efficient metro routs,16,2.6,3.3,
reduce traffic congestion in mega cities,encourage use of bycyles for short destinations,16,2.4,3.8,
reduce traffic congestion in mega cities,goverment funded transport,16,2.3,3.3,
reduce traffic congestion in mega cities,increasing the prices of etolls/tollgates,16,2.8,2.4,
reduce traffic congestion in mega cities,introduce train servoces,16,2.2,3.2,
reduce traffic congestion in mega cities,mainteinance of roads,16,2.3,3.3,
reduce traffic congestion in mega cities,make it so that smaller cars are more polular,16,2.8,2.3,
reduce traffic congestion in mega cities,manditory distance maintainers for cars (lasers),16,2.5,2.8,
reduce traffic congestion in mega cities,more accesable public transit,16,2.6,3.6,
reduce traffic congestion in mega cities,more acess to highways,16,2.3,3.2,
reduce traffic congestion in mega cities,more acess to main roads,16,2.0,3.0,
reduce traffic congestion in mega cities,more eficient public transportation,16,2.6,3.5,
reduce traffic congestion in mega cities,more transportat,16,2.3,2.8,
reduce traffic congestion in mega cities,"provide effficient routes of metro, bus, train",16,2.7,4.2,
reduce traffic congestion in mega cities,reduce redundacy in streets and designs,16,1.8,2.5,
reduce traffic congestion in mega cities,roads for bycicle only,16,2.5,3.6,
reduce traffic congestion in mega cities,safe enviroment in public transport,16,2.4,4.4,
reduce traffic congestion in mega cities,sincronization of traffic lights,16,2.4,2.7,
reduce traffic congestion in mega cities,smart traffic managment system,16,3.2,3.5,
reduce traffic congestion in mega cities,trafic signal synchronizations,16,2.7,3.2,
reduce traffic congestion in mega cities,try to incetive the populationto use public transportation such as free public transports,16,3.2,4.1,
reduce traffic congestion in mega cities,"utilize more underground roads or tunnels, for more diverse deslocation",16,3.1,3.6,
