,text,past_future,perceptual_details,causal_analytical,comparative,cleverness
0,"So far the most original response. I have yet to see it implemented, this is rather novel in my opinion. It is very original because it is a combination of a very practical educational tool (flashcards) with modern technology (lock screen mechanism) and it uses a smartphone - which is a device we all use many many times a day therefore, the subject will be exposed to these flashcard very often. Great idea!",2,1,1,2,2
1,This idea though practical lacks revolutionary aspects due to the lack of new aspects to add on to the idea.,1,1,2,2,1
2,the problem appera to be uncommon.,2,1,1,1,1
3,The usage of things such as color coding and mnemonics to assist with memory retention has been common in education for a long time.,1,1,2,1,1
4,This response suggests a novel approach by integrating voice-activated search capabilities directly into recording instruments on a cellphone.,2,1,2,1,2
5,"This is original because it mimics the human encoding process for information. This will also help many people with disabilities or speech impairments, as they can listen to recordings as many times as needed.",2,1,2,1,2
6,That can also be very helpful to who use cellphones,2,1,1,1,1
7,I think using ebooks is definitely a good idea because it allows people to take notes on the side. Although it does not really help these people retain information and will probably make them very distracted,2,1,2,2,1
8,"ebooks help everyone retain info, not sure if its the highest leverage solution",2,1,1,1,1
9,Many people would suggest this idea,2,1,1,1,1
10,People with learning impairments aren't going to learn with just a gadget. They will need more interation from teaching people to learn. Anyone can say give them an ebook but it doesn't solve the problem.,2,1,2,2,1
11,when havign a hard time retaining information using multiple formats is a common practice to achive retention.,2,1,2,1,1
12,"Different methods can be used to teach them, but the most effective method should be employed.",2,1,2,2,1
13,learninig through the video games is a brilliant idea since sometimes learning can be boring.,2,1,1,1,2
14,"It's common but making it into a game, I believe it helps people remember better.",2,1,1,2,2
15,"Giving direction in multiple formats is known method for assisting people with learning impairment, so it is not particularly original, though it is a practical approach to improving retention.",1,1,2,2,1
16,Im not sure what the response is saying. It does not make sense.,1,1,1,1,1
17,It will be very hard for these robots to teach people and will probably not give them the effective treatment that they need,2,1,1,1,1
18,Robots will be leading the world soon in good ways of course so this idea is neutral as many developments are already happening,2,1,1,1,1
19,"I rated this response as neutral because while it is uncommon and very remote, the idea of increasing robot production to teach people is not very clever or realistic. If the person meant developing AI tools and programs that can help people with learning impairments, that is more realistic, but as it's written the response is not very viable.",1,1,2,2,1
20,"This response is very vague, so it is hard to know what the unique contribution will be. As it stands, different learning methods are already implemented for people with learning impairments.",1,1,1,2,1
21,Learning aids with music can help those who visually impaired to learn and retain information.,2,1,2,1,2
22,"It is a good idea, but one that is already well established. Many apps and games exist for the purpose of learning.",1,1,2,2,1
23,"While the idea could be useful, it is already an established way of teaching/planning. Infograms are popular among teachers/trainers.",1,1,1,2,1
24,"Infograms, or other similar methods to display a lot of information in an easy to understand way, are already heavily utilized in education of all sorts.",1,1,2,2,2
25,Systematic teaching and learning plan will help,2,1,2,1,1
26,"Repetition is a known and implemented strategy in learning environments, though the different forms could be original based on what they are.",1,1,2,2,1
27,"I wouldn't write this off and say it's unoriginal, while the idea is unoriginal the goal of coming up with these new mulitisensory tools would hopefully be very original. Again, here it's not really providing a solution, but more the direction which is unoriginal.",2,1,2,2,1
28,Most people already take notes when they are students. This idea wouldn't really be unique to helping people specifically with learning impairments.,1,1,1,2,1
29,"The first things that gets offering to someone with learning impairments is to have someone take notes for them in a class, so I do not find this very original.",1,1,1,2,1
30,Taking little bit of notes make it easier to recall,1,1,2,1,1
31,People have been writing notes for so long so it's not a new idea at all.,1,1,1,1,1
32,"pen and paper. not only original, very outdated",1,1,1,1,1
33,Just giving someone a notepad isn't going to do anything.,2,1,1,1,1
34,I feel like this is probably too common for it to be and original idea.,1,2,1,1,1
35,"associating dates with known events is a common mnemonic technique used in various educational settings, including for individuals with learning impairments.",1,1,2,1,2
36,its a common practice actually and it helps as well,1,1,1,1,1
37,I rated this response as very unoriginal because it's a simple one word response to a complex issue. It is not clever because people with learning impairments may struggle to read or retain the information they have read. It has no nuance and is not helpful.,1,1,2,1,2
38,This idea is way too simple and many people already use this method.,1,1,1,2,1
39,"I feel like this is a very common thing that a lot of people do, although it does not work for those that really need additional resources .",1,1,1,2,1
40,"this a good idea, but neutral because i dont think it is the most effective way. Because learning impairment can be improved by various tech means.",2,1,2,2,1
41,This is unoriginal this is basically what youtube and tiktok were created for,1,1,1,2,1
42,Being able to rewatch learning material as many times a necissary helps some. This is still not a novel approach. Most anyone can come up with this ideal.,1,1,1,1,1
43,explaining this in different ways can help build the memory retention and can also help in quick remembrance.,2,1,2,1,1
44,I strongly believe that pictures help people remember things.,2,1,1,1,1
45,"I believe this is already what is used. Flashcards, symbols, and simple formulas/phrases are commonly used.",1,1,1,1,1
46,helping people keep or retain impairment helps a lot,1,1,1,1,1
47,This is kind of fun but its not new. People already use things like songs or games.,1,1,1,2,1
48,"This would be a more original solution, it seems fairly witty and less of a known/standardized technique.",2,1,1,2,2
49,"The idea of repeating information in fun ways is a fairly common educational strategy, especially when working with people with learning impairments.",1,1,2,2,1
50,"Robotics have been proposed to address many different problems in many fields, which makes the sentiment unoriginal, but I have not seen its usage in learning discussed much, so I would say neutral.",2,2,1,1,1
51,"Being able to use your sense of touch and smell for learning purposes isn't a well known concept. If you combine the two senses, people should be able to retain information more.",2,2,1,1,2
52,I rated this unoriginal because it is fairly common knowledge that standardized learning techniques are not as effective for those with learning impairments so alternative solutions are needed- and the most common would be audio/visual tools in addition to lecture.,1,1,2,2,1
53,"I believe this response is unoriginal since educators have been using images and sounds for decades. 
This response, however, is quite practical in my opinion, since it does help. My mom is a child psychiatrist and has been dealing with kids with learning impairments for her entire career. Lately, they have been taking it a step forward and integrating touch and tactile experiences together with sounds and images.",1,2,1,2,2
54,This could help people summarize better but its not a very original idea we do this in school,1,1,1,1,1
55,"This idea has already been widely implemented in the form of alarms, calendar notifications, virtual assistants, etc.",1,1,2,1,1
56,"Daily reminders for important tasks are a common assistive strategy for individuals with various cognitive challenges, not just learning impairments.",1,1,2,2,1
57,"The idea is not particularly novel, as repetitive is a well-established strategy in education and cognitive training.",1,1,2,2,1
58,People with learning impairment takes time to retain information and therefore training someone with repetitive action will go a long way to help.,2,1,2,1,1
59,you have to be patient with the disabled.,2,1,1,1,1
60,a common teaching & learning method for all,2,1,1,1,1
61,The idea is original as it involves reducing the cognitive load of remembering where items that have different locations are. The idea is not so common and it is very helpful. I have not heard of similar solutions in my career,1,1,1,2,2
62,"The concept of designating a specific location for frequently used items is a common organizational strategy, often recommended for individuals with various cognitive challenges, including learning impairments.",1,1,2,2,1
63,"Using post it notes is pretty common for most people. Plenty of people, such as office workers do this daily, and this wouldn't directly help anyone with learning impairments.",1,1,1,1,1
64,This can be very effective since learning with already installed videos can help this people to very quickly and adapt at thier your own rate.,2,1,1,1,1
65,"This is a vague response, without knowing specifics it is not original. Repetition is used already in many learning environments.",1,1,1,2,1
66,"The idea is quite common, it is also a very clever idea. It has been implemented already and is being used regularly and frequently",1,1,1,1,2
67,"Repetition is a well-known and widely used technique in learning and memory retention. while effective, it is not particularly original, as it is a standard approach.",1,1,2,2,1
68,The solution appear to be remote,2,1,1,1,1
69,Its one of the new and innovative way of assisting people with learning impairment to retain information.,2,1,1,1,2
70,this is  possible and available because i think it will use the same principle as the hoverboards which also uses muscles for mobility.,2,1,1,2,2
71,This is definitely a fair approach because it is common sense after all.,1,1,1,1,1
72,"Storytelling is not an often used strategy, which makes this response unique.",1,1,1,2,2
73,"I see i remember ,the Chinese saying goes, this will help the person remember what she\he saw.it easy to remember what you saw than what you heard.",1,2,1,2,1
74,This method is already used by people with and without learning impairments to retain information.,1,1,2,2,1
75,"I rated this response very unoriginal because it is so limited in its suggestion. Learning impairments can be nuanced and the suggestion to simply ""WRITE IT DOWN"" does not allow for the complexity of a learning impairment. The suggestion is not insightful, original or different.",1,1,2,2,1
76,"To me, writing something down is the first basic step to making sure you are keeping the information. Most people are not good at remembering things in their head.",1,1,1,2,1
77,it's actually one of the well established method of helping people with this disability eg dyslexia etc,1,1,2,1,1
78,"Said and done. We would need new and improved writing tools to assist, but now that we have CGPT-4 and all these included advancements within said tech, it's trying to find what else can work because right now there really isn't anything new and improved, unless it's expensive and most people haven't heard of it.",2,1,1,2,1
79,Helping people with learning impairment retain ideas and informations,2,1,1,1,1
80,"The idea has already been widely implemented in the form of elevators, escalators, and stair lifts.",1,1,2,1,1
81,This is great idea especially for those impaired that cant manually move themselves up a ramp. It also is for a great universal way for everybody to be able to use it allowing with not obstructing others foot traffic.,2,1,1,1,2
82,"This is good idea, technologies can be built to help people with all type of impairments by using AI programmed technologies.",2,1,1,1,2
83,I feel this idea has been floated around via the moving chair lift that's on the infomercials. Putting it in an escalator with controls is more of an upgrade to an original idea.,1,2,1,2,2
84,"Escalators are commonly in use already in malls, airports, etc. The ""controllable"" aspect is too vague to consider this original.",1,1,1,1,1
85,this is already a common practice.,1,1,1,1,1
86,"Not aware of railings themselves being used to address this problem, but it's an interesting and fresh idea.",2,1,1,1,2
87,Most individuals main reaction when seeing an unable person struggling with obstacles is to aid i like to think. This is also a main form of care in the elderly/ impairment living homes / positions.,1,2,1,1,1
88,"I think that this response is rather neutral. This does address some issues with mobility, but in a rather self-evident way.",1,1,1,1,1
89,this is a well known solution to helping people,2,1,1,1,1
90,"Yes, while a ramp is always needed, we also need to think about those people who are not able to get a wheelchair or scooter or those who don't have any assistance walking or transporting themselves period. I always felt there were never enough electrical shopping carts at the store, but I think that's a problem too, so it comes down to human assistance. How do we incorporate more human assistance in these situations instead of adding to a potential problem.",2,1,1,2,1
91,Most people use canes or walkers this is highly unoriginal,1,1,1,1,1
92,I rated this response very unoriginal because it is not a creative or uncommon solution. Those with mobility issues may already be using a cane. The solution is obvious and not insightful.,1,1,2,2,1
93,"I have not actually seen this before, but I could understand how this may help improve individuals with mobility impairments navigating stairs and feel like it would be something that already exists, but I am not certain.",1,1,1,1,1
94,A decent idea but I feel like it is already existing enough out there for it to not be considered a original idea.,1,1,1,2,1
95,This method is very unoriginal because it was introduced long ago and has been explored for this purpose for a long time. The method is pretty practical but it lacks uniqueness because it was introduced long ago and lacks forward-thinking elements.,1,1,2,2,1
96,"I have not heard this solution proposed before, and it would involve some amount of architectural/engineering ingenuity to put it into buildings, so I would call it original.",2,2,1,1,2
97,"a solution that works with th current infra & addresses the problem. while not super original, it takes understanding the constraints & still finding a solution",1,1,2,1,2
98,I have not heard of this idea and it makes so much sense and it is quite practical brilliant and not very common. it is original,2,1,1,1,2
99,"Portable ramps for impaired people is already a thing. They aren't used specifically for stairs, but for curbs instead.",1,1,1,2,1
100,"This could work in theory, but mobility impairments come in a vast array of disabilities. This solution has also already been thought of, as seen in ramps that come out of busses.",1,2,2,2,1
101,"This solution proposes splitting a staircase into two shorter flights, which is not an original concept.",1,1,2,2,1
103,its a way to aid mobility impairments navigate stairs.,2,1,1,1,2
104,"the response is somehow original ,as modifying step design with rounded ends is an unconventional approach compared to common solutions like ramps or elevators.",1,1,1,2,2
105,"I rated this response as unoriginal because stair lifts are very common and in use today. They are a valid solution to help people with mobility issues navigate stairs. However, I'm making an assumption that this is what the person meant, as ""electric chairs"" is a very general response.",1,1,2,2,1
106,the reason we don't see as many ramps is bc of this exact solution....,1,1,2,2,2
107,This is the current method used to increase memory retention.,1,1,1,1,1
108,"Using your own weight is an original concept that could be reasonably practical for a solution like this. I can't rate it ""very original"" since an elevator is an existing concept.",2,1,2,2,2
109,"The response suggests a weight-based elevator system, which is unconventional but lacks clear details on functionality or feasibility. The idea is not well-articulated, limiting its originality and potential for practical application",1,1,2,1,1
110,These have been invented and used for many many years,1,1,1,1,1
111,"I think this is an unoriginal response, since the technology already exists in people's homes. Elderly or disabled patients have a machine which transports their wheelchairs up the stairs. I have not seen this technology utilized in escalators before, which makes it merely unoriginal, not very original.",1,2,2,2,1
112,This is a much more clever idea and makes since for easier movement for able and enable individuals . Its not a brand new idea but streamlines floor traffic for all involved.,1,1,1,2,2
113,"This response is unoriginal because ramps are a commonly available solution, especially for accessibility for disabled or wheelchair users.",1,1,2,2,1
114,Robots for this function aren't in use yet so this is a novel thought. It will take a bit of engineering and alot of science to make happen. Still most anyone can come up with this ideal but not many can make it happen.,2,1,1,2,2
115,"While a good idea, it's not realistic and people would still need human assistance for mobility especially getting in and out of the lifts.",2,1,1,2,1
116,this is going to help the physically challenged to get an easy means to use stairs,2,1,1,1,2
117,The idea is different from already established methods such as elevators or a stair lift. A sort of railway has not been traditionally used for this purpose.,1,1,2,2,2
118,I think this is a great idea as it would not over bulk the stairway and it makes the single area usable to all without the need for additions.,2,1,1,1,2
119,Seems good in practice but does not add additional value to already used methods.,1,1,2,2,1
120,Gives a sensible solution,2,1,1,1,2
121,The response is very unoriginal. I think elevator is the best option,1,1,1,1,1
122,"very original, as integrating robotics into wheelchairs to switch from wheels to robotic legs on the fly is an innovative and futuristic solution.",2,1,1,1,2
123,"Having an extra handrail for people with mobility impairments might be slightly original, but I have not inspected if most handrails already do that.",1,1,1,1,1
124,Handrails may reduce the risk of fall making the response original,2,1,2,1,2
125,"This response is not original, since we have lots of examples of decade-old buildings with this solution implemented. However, I like this solution because it is easy to implement and gets the job done (it is very practical for the cost of implementation.
A more original and novel solution to this problem would be installation of a motorized stair climber and enhanced architecture designs that feature more ramps and escalators.",2,1,2,2,1
126,"While the concept of assistive devices to aid in leg movement is not entirely new, the specific application to navigating stairs introduces a degree of novelty",1,1,2,2,2
127,This is the first time I've ever heard of this and it made me laugh out loud at the image so It's very original to me.,1,2,1,1,2
128,"I rated this response as unoriginal because it does not have a basis in present reality. It is extremely remote as a possible invention and not a very clever solution to actually help people with mobility impairments navigate stairs. It's an uncommon solution, but for good reason because it's not actually viable.",1,1,2,2,2
129,"very original, as the concept of a wheelchair is highly imaginative and represents a futuristic and unconventional solution to mobility challenges.",2,1,1,1,2
130,The concept of reducing the height of individual steps to improve accessibility for people with mobility impairments is a well-established principle in architectural design.,1,1,2,1,1
131,increasing the use of renewable energy source helps a lot by recycling the wastes products,2,1,2,1,1
132,"This response is a good idea, though I do not believe it is very original because it has been implemented before.",1,1,1,2,1
133,It's a good idea but so far from an original one. A lot of places already have implemented this idea.,1,1,1,2,1
134,"I marked this response as unoriginal because this is a common practice for this problem. While it helps with walking, it does not address other issues these people may face, such as climbing and other movement types.",1,1,2,2,1
135,yh using piezoelectric pathways can be use to produce energy by measuring the piezometric levels of the flow of electric current that flows by the use of foot intensity.,2,1,2,1,2
136,IT HELPS A LOT IN THE SOCIETY,2,1,1,1,1
137,IT HELPS A LOT IN THE SOCIETY,2,1,1,1,1
138,it is the most common solution / addition for this very problem. replacing stairs with ramps would be more disruptive than constructive. ramp next to stairs for everyday places is the best solution so far,1,1,2,2,1
139,I think the idea is original and good but it is not very practical as ramps require a lot of space and affect the building layout which will increase cost by a mile. The idea is not very common,1,1,2,2,2
140,"This is fairly close to the stair lift concept, with a robot instead of a motorized chair. Using a robot is another means to the same end.",2,1,2,2,2
141,"This is quite innovative, introducing robots to help in jobs",2,1,1,1,2
142,"The concept of rolling stairs is somewhat original but not entirely novel, as it seems to refer to stairs that can be moved or adjusted, possibly offering mobility solutions.",1,1,2,2,2
143,I definitely like this idea and feel like it is a safety thing that should be added regardless.,2,2,1,1,1
144,"I have not heard this method proposed to address mobility concerns, and it does seem as though it would utilize novel technology, so I would call it original.",2,1,1,1,2
145,"There's already lots of shoes made with enhanced cushioning and shock absorption. These would include athletic shoes, typically made for running, and not specifically for walking on stairs.",1,1,1,2,1
146,"This will not work. People with mobility issues may not even be able to bend down into the slide and where will they put their mobility aids like wheelchairs, walkers, and canes?",2,1,1,1,1
147,"These concepts are usually applied to help people navigate up the stairs, not down. It's original, but not a good solution.",1,1,1,2,2
148,"Smaller steps are not the first things that comes to my mind, I think more of those that cannot use steps.",2,1,1,1,1
149,"The idea is different from the common approaches. It is an idea I've personally seen floated here and there, but not fully implemented.",1,2,1,2,1
150,"Energy optimization to me can help improve the use of renewable resources, beacause this will help mke the most effective use of the resources.",2,1,2,1,1
151,Making more stairs shorter helps the people,2,1,2,1,2
152,I believe this invention already exists. My grandparents had one in their household that they would use when they became too old to go up and down stairs.,1,1,1,1,1
153,Stairlifts are a well-established and widely used assistive technology for people with mobility impairments to navigate stairs.,1,1,2,1,1
154,"starlifts are a commonly known solution to help people with mobility impairment navigate stairs, so this response lacks originality",1,1,1,1,1
155,"In theory this could work since most of human's sense of touch is located in their fingertips. I am not sure how this would be used though, would a rougher tactile strip indicate that you are almost at the end of the stairs?",2,2,1,1,2
156,"While these are a great idea in places like airports where there might be a lot of walking involved and I could see it for entering/exiting buildings. Possibly a way to get to garages, but it is very unlikely and expensive and unrealistic. Aside from electric carts/sitting scooters/chairs, human assistance is where the solution lies for now.",2,2,1,2,1
157,Universal Design stairs will take into consideration people with disability and uing wheel chairs to access it.,2,1,2,1,2
158,In general this is not a novel ideal. Many people have mobility prothesis already.,1,1,1,1,1
159,I have not heard of this exact ideal so I am rating it as original. It might not be practical since people need wheelchairs at the top.,1,1,1,1,2
160,"Wheelchair transfer services are not offered, so this is a very unique and useful suggestion.",2,1,1,1,2
161,"While the concept of a wheelchair with specialized wheels for navigating stairs is not entirely new, the specific combination of features mentioned",2,1,1,2,2
162,"Reminds me of transformers robots which is just a cartoon/show and not ""real"" so I applaud the originality. I've seen wheels that can be removed or configured in rolling devices like strollers but not ones that transform themselves.",1,2,1,2,2
163,There's already research that's done to continually improve battery life (lithium-ion vs. alkaline batteries).,1,1,2,2,1
164,Increasing the storage composite is a smart way to increase sales and usage of products. I entices people to invest more money and time into the product which only benefits both parties involved; further instilling trust in the product and brand.,2,1,1,1,2
165,Batteries can be used to store energy harness from the Sun using solar panels. therefore better battery storage will contribute to the increase in the use of renewable energy sources even on a large scale.,2,1,2,1,1
166,N/A - Sounds like a byproduct more than a solution.,1,2,1,2,1
167,"I rated this response as neutral because it doesn't specifically address renewable energy. Better energy efficiency is a good idea and broadly speaking should be implemented, but the suggestion is quite general and not specific to renewable energy.",1,1,2,2,1
168,The use of solar charges is a good innovation that can help devices operate without any power fluctuations or power surge.,2,1,2,1,2
169,The idea is brilliant as a person riding a bicycle could produce kinetic energy in a pure form. it is a source of renewable energy. This idea is uncommon and practical,2,1,1,1,2
170,No one I know can bicycle enough to produce enough to charge a battery.,1,1,1,1,1
171,This is already happening on a mass scale and is being studied by scientist all over the world.,1,1,2,1,1
172,Putting solar panels in the screen is really new as well as smart. Most phones don't have this so it's original.,2,1,1,2,2
173,This is already a common practice.,1,1,1,1,1
174,"Cutting down on the use of something is the basic response I see for resources that are limited like electricity, but it makes a poor solution if the electricity is needed. Also the problem and response seem a bit disconnected, more on the problems side though.",1,2,2,2,1
175,Cutting back on electricity only solves part of the problem. Incresing population size and dependence on things that use electricity are increasing at an alarming rate. Cutting electricity use is common knowledge.,1,1,2,1,1
176,"I think I have seen the ideal of people biking creating renewable that can be used only once, so I rate it as original. I would note it is likely not practical though.",1,2,1,1,2
177,N/A - Not sure what this means.,1,1,1,1,1
178,"I rated this response original because it is not an idea that I believe is widely implemented, at least not as a norm. I am more familiar with large wind farms or solar farms rather than microgrids for specific communities. This idea seems uncommon and is a clever solution that could increase the use of renewable energy by making it more accessible to smaller areas.",1,1,2,2,2
179,"Although it is true that educating people about renewable energy can be beneficial, there are more factors that play into whether someone will install a renewable energy source. Factors such as costs, location, and availability must be considered.",2,1,2,2,1
180,this will help people know the importance of using the renewable energy source to the environment.,2,1,1,1,1
181,I know these already exist on the market and have seen them before so therefore this is not an original solution.,1,2,2,2,1
182,I consider this response unoriginal the use of robots is common in assisting people with learning impairments and has been used quite extensively in doing that. The idea lacks creative elements in it due to its familiarity.,1,1,2,2,1
183,Expanding EV charging infrastructure is a well known approach already to EVs becoming more mainstream. Stating that charging infrastructure should be powered by renewable sources makes it a bit more unique.,2,1,2,2,2
184,The development of electric vehicle charging infrastructure powered by renewable energy sources is a widely discussed and actively pursued solution to increase the use of renewable energy and reduce reliance on fossil fuels.,2,1,2,1,1
185,its very true. electric cars are made now to reduce gasoline usage.,2,1,2,1,1
186,This sounds like what should be the first step in promoting widespread clean energy. Its not very original at all and doesn't bring anything new to the table. These practices are already highly used and completed.,1,1,1,2,1
187,Electric vehicle charging infrastructure is already available and used by many owners of electric vehicles.,1,1,2,1,1
188,"Not original, since electric cards have been around for a couple of decades. Furthermore, it is a global solution and EVs can be found in every country in the world.

Also, EV's cant be a very effective renewable energy solution if they are not charged with renewable energy. Basically it would be ideal if they could be easily charged with wind or solar energy, but most charging stations do not use these energy sources. 

Also, production of EV batteries is a very pollutive process, as well as their utilization(disposal of old batteries)",1,1,2,2,1
189,I marked this response as original because I have never seen it implemented anywhere. Fast food restaurants are pretty common in the USA and are usually located in areas where there are no taller buildings around that could block the sun.,1,1,1,1,1
190,The response seems very common and not that hard to come up with which makes it less than original,1,1,1,2,1
191,"The response does not make much sense because it isn't a full answer. It says ""solar panel""- but it does not have any action attached. So it is hard to rate this for originality.",1,1,2,1,1
192,The government already provides incentives for adopting solar energy in most countries.,1,1,2,1,1
193,Hydro dams produces electricity with water and water too is a renewable energy which is in abundant.,2,1,1,1,1
194,"this is original, as solar powered charging stations for cars are a practical and increasing implemented solution to promote renewable energy use",2,1,2,1,2
195,its not something new as this has been in existence for decades.,1,1,1,2,1
196,"This is another proactive and great idea. I think we could tack on to this not only for water source compatibilities, but composting capabilities that every household can do. I think this would also help with the environment. Composting can always be bagged and used as mulch or sent out to farmers or maybe start incentives for people who grow their own food sources even in the city limits.",2,1,1,1,2
197,"Not sure I am quite getting the ideal, it is talking about using food waster to become power for energy.",2,1,1,1,2
198,"While this idea is not unheard of and fairly common, and unoriginal doesn't take away that it's still the most clever solution. It should be on a larger scale, not just for off grid or remote scenarios.",2,1,1,2,2
199,I think this idea is fairly un original and bland. Its an idea thats already in practice.,1,1,1,2,1
200,I consider the response very  unoriginal because it is a widely used method of helping people with mobility impairments. It lacks originality because it is quite predictable.,1,1,2,2,1
201,"n/a, didn't make sense.",1,1,1,1,1
202,"While incorporating solar power into these areas is a common and widely discussed approach to increasing renewable energy use, it's not entirely unoriginal.",1,1,2,2,1
203,"The response of incorporation solar into farms, water bodies, and houses is a relatively innovative approach. It reflect a creative way to utilize available spaces for renewable energy generation.",2,1,1,1,2
204,I think that this response is both original and creative. Solar integration into water bodies is a great response since it allows a combination of both solar and hydro energy which should result in a sufficient energy output.,2,1,2,1,2
205,"Plenty of governments and organizations are already adopting things, such as solar panels for renewable energy sources.",2,1,1,1,1
206,I believe that some hospitals and government buildings already have them installed.,1,1,1,1,1
207,"The usage of solar panels is not original in this day and age. Solar panels are very common these days and have been for a while. Let's take my own house for example - I have solar panels on my roof and have had them for 7 years. And even when I installed them - a quarter of my residential neighborhood already had them. With that, being said - I think it is a clever solution for this particular problem.",1,1,1,1,2
208,"I believe this is already happening. Research is currently being done to learn and find ways to increase, find, and improve renewable energy sources via solar panels, electric vehicles, energy efficient appliances, etc.",2,1,2,1,1
209,Addressing the challenges renewable energy sector faces is the best and most original method to increase the use of renewable energy,2,1,2,1,1
210,"Very original response.  It would address common problems for example with solar power. Solar batteries can only produce energy during the day and can not do it at night. Energy storage solutions allow this energy to be stored and to be used during the night time. Also, investments in this research may benefit other areas of renewable energy studies.",2,1,2,2,2
211,The concept of using renewable energy resources isn't something new.it has been in existence even in ancient civilization,1,1,1,1,1
212,People have been touted the savings benefits of reusable batteries and energy efficient lightbulbs and electric cars already. Making them cheaper to get in the first place would possibly make it the first choice when considering more expensive but not renewable energy source items.,2,1,2,2,1
213,The idea is very common and is being used already by people everyday inform of solar panels solar thermal panels and also the installation of wind pumps. The idea is quite smart,1,1,1,1,2
214,Installing more solar panels doesn't seem original to me because that has been a thing for quite some time.,1,1,1,1,1
215,The idea is not new but it can be done in different forms. With the more improvements in technologies like artificial intelligence and other forms of technologies the idea of apps in gauging where and how much time a student needs to learn more of a topic has been already used .,1,1,2,2,1
216,"Many renewable energy activists advocate for reduction of the usage of fossil fuels. Those advocating for renewal energy usage are almost always doing so, at least in part, because they are opposed to the environmental damage that fossil fuels are supposed to cause. Therefore, since so many share the sentiment, I thought it unoriginal.",1,1,2,1,1
217,"this a brilliant idea, a recycling station can be stationed at various vintage points. A very simple setup and providing signages to segregate the waste.",2,1,1,1,2
218,Solar panels are already being used in these areas.,1,1,1,1,1
219,Reducing amount of litter in public space and promote wastes by reduction and recycling helps a lot in the society,2,1,2,1,1
220,AI programmed airplanes can be built with the use of electricity without causing any1 harm to the atmosphere.,2,1,2,1,1
221,"It doesn't not answer the question. If you reduce usage of coal, that does nothing and has no effect on increasing renewable energy sources.",2,1,2,1,1
222,I think this is a no brainer because of the commonality of higher volumes of people in more common public areas meant for all.  It kills two birds with one stone by putting the chargers in the best area fir highest use.,2,1,1,1,2
223,It''s a good idea but it's not new because a lot of people have already talked about doing this to help use more clean energy.,1,1,2,2,1
224,"This response is not original and is very simplistic. Simply put, not all non-renewable energy sources can be replaced. For example, I can hardly imagine how devices currently running on nuclear energy can be switched to solar power. 

The response is too vague and lacks depth.",1,1,1,2,1
225,"n/a, didn't make sense",1,1,1,1,1
226,"It is different than the common responses you hear about renewable energy. It is something I have personally heard of before though. Generally you don't want solids hitting mechanical equipment, so it would be hard to implement.",1,2,1,2,1
227,"It's moderately original, however its application in this context demonstrates a practical understanding of leveraging local resources, making it relevant but not particularly uncommon",1,1,2,2,2
228,"Energy efficiency (optimization) is a common concern for EV's, machinery powered by solar energy, etc. It's a good idea, but not an original one.",1,1,1,2,1
229,I think this is a more down to earth idea and its smart because it utilizes the experts that are directly in-tune with the local populations,2,1,1,2,2
230,Society concerned scientists can be supported with fund to do more more research on how to improve upon the existing ways of using renewable energy to generate electricity.,2,1,2,1,1
231,I feel like this is being done at schools. It's not original. It is a common solution many people have though of.,1,2,1,2,1
232,Using wind energy has been extremely common over the last couple of years and there's not an original idea at all.,1,1,1,1,1
233,Use of wind power has been there for quite a while,1,1,1,1,1
234,Biodiesel is a well-established and widely researched renewable energy source. Its use as a transportation fuel has been explored for many years.,1,1,2,1,1
235,"the response is not very original, as building wind farms with consistent wind patterns is a standard practice in renewable energy development.",1,1,2,2,1
236,"wind mill farms is one of the best ways to use renewable energy to generate electricity. Though it involves huge start up capital, once built it will need low maintenance.",2,1,2,2,1
237,"the response is not original, as promoting no littering is a very general and commonly used approach to addressing litter in public spaces",1,1,2,2,1
238,"Wind power is already one of the go to responses for renewable energy sources, so it is not very original.",1,1,1,2,1
239,This is not a very common solution so I rated it more original and is a different way of approaching use of renewable energy to target the younger generations.,2,1,1,2,2
240,This method is common because it has been used to lure people into using renewable sources of energy hence it lacks unfamiliarity.,1,1,2,1,1
241,"the response is not original, asoptimizing flight routes is widely recognized and common approach in reducing fuel consumption and emissions in aviation.",1,1,2,2,1
242,These signs are everywhere people just don't pay attention,1,1,1,1,1
243,"Anti-littering signage is a well-established solution and lacks originality. while it serves as a reminder to avoid littering, it does not introduce innovative or unique strategies to significantly reduce litter or encourage recycling",1,1,2,2,1
244,Everyone everywhere does this,2,1,1,1,1
245,This  seems to already be the case but it clearly is not working.,1,1,1,1,1
246,"I rated this response as unoriginal because it is very nonspecific. It does not suggest what better waste collection systems would look like or even what ""better"" means in this context. There are no specific suggestions about how to reduce litter or promote recycling and the response is not very insightful.",1,1,2,1,1
247,Better waste systems are implemented all the time. That only solves part of the problem.,1,1,2,1,1
248,The response takes something that already exists but adds higher consequences.,1,1,1,1,2
249,Fines are already known and implemented for throwing litter or waste in public.,1,1,2,1,1
250,I think that utilizing technology to address the issue of littering differs from the usual approach of public awareness campaigns or increased police enforcement.,2,1,2,2,2
251,"The answer is unclever. The idea is too expensive to implement
Common answer.",1,1,1,1,1
252,will improve recycling in various communities.,2,1,1,1,1
253,"Now this is a proactive approach to a real solution. I like this, including the incentives to get people to the stations, but it's the videos and showing people exactly how they are helping by disposing and recycling the way they are is the key feature. Let's say people are disposing recyclable glass bottles or plastic water bottles, the video being showed to them should reflect what they are disposing to show exactly how they are helping by disposing those items specifically which would ensure their continued use of the stations.",2,2,2,1,2
254,It sounds like an upgraded version of the recycling machines located at grocery stores and in neighborhoods. They already provide a payment as a reward and information on what item is recyclable and how to insert it into the machine.,1,2,2,2,2
255,Creating something both having interaction and providing rewards makes it more likely people are going to use it and use it correctly.,2,1,2,1,2
256,they offer rewards.,2,1,1,1,1
257,Rewarding people for recycling their waste correctly will encourage them to do more,2,1,2,1,2
258,"This is likely the default solution that most people will think of. It is not a ""new"" solution, it is just increasing the frequency that someone will pass a solution (trash can).",2,1,1,2,1
259,"To my knowledge, there is not a common app that provides this service, so this is a very original idea.",2,1,1,1,2
260,"Providing garbage bags is similar to how bags are provided for cleaning up after your dog. I wouldn't say its a new concept, just on a slightly larger scale.",1,1,1,2,1
261,"Unoriginal because we need to get away from garbage bags. More bags is not a solution to the problem. Now are these recepticals and bags biodegradable? I doubt it and even if it were, hypothetically, the trash itself is not biodegradable. We need a way to eliminate packaging material that are not recyclable and biodegradable and/or a way to reduce trash in each home.",2,1,2,2,1
262,The idea of using robots like vroomba for @4-hour street monitoring and cleaning is quite original. it takes an existing technology and applies it in a new and innovative way to tackle public littering.,2,1,2,1,2
263,"This is very original, as these small scale systems can power smaller communities, but not larger ones. So why not put them to use in communities that can benefit most from them?",2,1,2,2,2
264,"original, as mobile recycling units are not a standard solution but have been explored in some contexts to improve accessibility to recycling services",1,1,2,2,2
265,"No littering signs already exist and are common in areas along highways, pedestrian walkways, and beaches.",1,1,2,1,1
266,"The idea of a partnership makes this idea somewhat original. Although, some businesses have implemented similar practices already.",1,1,2,2,2
267,"I rated the response as neutral because it does not seem particularly uncommon or remote. Providing recycling facilities seems like an obvious way to combat littering in public spaces so that people have somewhere to dispose of their trash, and I have heard of similar plans in my town. Eco-friendly packaging is not a novel idea, nor is it an immediate solution to littering. However, it could help with the long-term environmental impacts of trash disposal.",1,2,2,2,1
268,This response is very original because it is common knowledge that providing recycling facilities or encouraging the use of eco-friendly packaging can reduce the amount of litter and waste. These solutions are popular and have been implemented before in society.,1,1,2,2,1
269,This has already been implemented in many locations. I'm sure it helps some but it is not a novel ideal.,1,1,1,2,1
270,"The response is just part of any general initiative. Goal-setting is the first step in most issues, this is not a creative solution.",2,1,2,2,1
271,"I rated this response as neutral because it presents valid suggestions to promote recycling. The suggestions of shredders are something my community does. These are fairly obvious but still good solutions to promote recycling. However, the response doesn't specifically address littering.",1,1,2,2,1
272,The response is something that has been tried and tested. You'll find signs and warnings in public spaces that already warn people of the fines and repercussions of littering.,1,1,2,1,1
273,This idea has been in existence for years though its a common goal for many  environmental organization and government.,1,1,1,1,1
274,We already have these. We need to get people to use them more.,2,1,1,1,1
275,I have heard of this idea in my career as it is a very common idea and everybody has or knows about it. The idea of having more recycle bins reduces litter in public as if they are everywhere people will be more inclined to use them.,1,2,1,1,1
276,Practical and new idea that hasn't been widely proposed. Builds off an existing concept in a new and clever way.,2,1,1,2,2
277,"Offering financial incentives for recycling, such as bottle bills or deposit-refund systems, is a well established and widely implemented strategy to encourage recycling and reduce litter.",1,1,2,1,1
278,"The notion of presenting a reward for reduced littering behavior is unique, as usually punitive measures like tickets from police are utilized to reduce littering.",1,1,2,2,2
279,Electrical buses or trains can be a best alternative to the use of air travels since it can be programmed to move at a speed near the speed of the air travel.,2,1,2,2,2
280,"I have already seen the content of this response utilized in many kinds of public spaces, so it seems rather unoriginal to me.",1,2,1,1,1
281,Using these laws is a good idea but its not new. A lot of places have laws like this to help the environment.,1,1,1,2,1
282,"I won't say that laws is unoriginal or original in of itself. I will say that coming up with the right type of strict ""litter, trash, and recycle"" laws should be implemented and targeted to ensure that everyone is doing their part. Before we can do that, there needs to be real change in how we package items. That would completely eliminate half the problem right there.",2,1,2,1,1
283,"This response is very vague, and there are already laws in place to reduce the amount of littering and promote waste reduction.",1,1,2,2,1
284,"Response ""laws"" sounds a bit vague to me. I don't think this response is original since we have examples of countries with harsh penalties for littering. For instance, Singapore had these penalties for many years. With that being said- Singapore is considered a country with one of the cleanest streets on Earth, indicating that legislature is a response that works.",1,1,2,2,1
285,"this is original, it has been implemented in various communities. however they are not a novel solution, as such programs have been in use for many years to promote community involvement in litter prevention and cleanup efforts",1,1,2,2,1
286,"Education about environmental protection and the benefits of recycling is already ubiquitous, to propose more is certainly unoriginal.",1,1,1,1,1
287,"As the problem is a need to increase use of renewable energy, the one word response does not have any action attached to ""solar pannel"". If it said something about what to do with solar pannels, I feel like I could rate the response for originality.",2,1,1,1,1
288,Recycling has been there since and hence it is not original,1,1,1,1,1
289,Have not heard of the group mentioned so I'd anticipate this is at least somewhat original. It breaks from the typical response of a tangible application as well.,2,1,1,2,2
290,Tha'ts exactly the right thing to do .its also part of the measures put in place to avoid overflow,2,1,2,1,1
291,Educating people on negative effect of littering on the environment is one of the best method to promote waste reduction,2,1,2,1,1
292,"I rated this response very unoriginal because it does not pose a solution to the problem. Of course a polite society would not litter, but the reality is that littering is an issue and we need solutions to combat it. The response is not remotely insightful because it does not offer a solution.",1,1,2,1,1
293,Posters are to be used in addition to putting dustbins at vantage point for people to put their refuse in. therefore posters alone cannot be original.,2,1,2,2,1
294,"the response is moderately original, as a reward-based recycling schemes are a well-established approach to promote waste reduction and recycling",1,1,2,2,2
295,"Trash compactors are already used in places such as kitchens. However, kitchens are not public areas, so this concept is relatively neutral for originality.",1,1,2,2,1
296,i am sure it ensures bins are less likely to overflow and discourage littering.,2,1,1,1,1
297,its not new because this concept has been utilized and explored over the years with various alternative fuels,1,1,2,2,1
298,"We already have that. They're called ""dumps"" or ""dump sites"" or ""landfills"" which anyone can use, the problem is being able to haul your trash. In my city, we have two collections that come around like twice a year. One collects brush and the second everything else. We need those collections done every other month alternating between the two.",2,1,2,2,1
299,The idea is practical but it lacks any groundbreaking elements.,1,1,1,2,1
300,provision of this will reduce public littering.,2,1,2,1,1
301,The response just restates the problem.,1,1,1,1,1
302,"Signs are a go to response for everything, so it does not feel clever to me. Also does not say what signs are for.",1,1,1,1,1
303,"Signs are a go to response for everything, so it does not feel clever to me. Also does not say what signs are for.",1,1,1,1,1
304,"Using signs as a solution to reduce litter is not particularly original. it is a common, well-established approach that has been used for a long time, lacking innovation or a new twist on the concept.",1,1,2,2,1
305,"Using signs as a solution to reduce litter is not particularly original. it is a common, well-established approach that has been used for a long time, lacking innovation or a new twist on the concept.",1,1,2,2,1
306,There are already signs everywhere and it doesn't help much. This is a common solution. Even non Stem people can come up with this idea.,1,1,1,2,1
307,There are already signs everywhere and it doesn't help much. This is a common solution. Even non Stem people can come up with this idea.,1,1,1,2,1
308,"Signs about littering and it effect can help reduce public waste. however, signs alone cannot achieve the set goal.",2,1,2,2,1
309,"Signs about littering and it effect can help reduce public waste. however, signs alone cannot achieve the set goal.",2,1,2,2,1
310,"If the goal is to reduce litter, having a sensor detect when a bin needs to be changed is a smart way to go about it. It does rely on someone changing it promptly though.",2,1,2,1,2
311,"Something like smart trashcans may be difficult to implement and maintain, but it is an original idea. If it would work, it would definitely help with recycling issues.",2,1,1,1,2
312,"The solution is clever. To talk to the schools to bring handling waste products to reduce litters in public spaces.
The solution is uncommon",2,1,1,1,2
313,I think its a great idea and is very unique! No one has anything like this that i know of and it would reduce the traffic and uncleanliness of trashcans.,2,1,1,2,2
314,This is already what is happening because people often reuse glass bottles.,1,1,2,1,1
315,"When looking for a replacement for plastic, a lot of  people would say use glass instead. Also glass can become litter like plastic can.",2,1,1,2,1
316,The use of glass would essentially cause more pollution as it literally does not degrade,2,1,2,1,1
317,THis is an idea that is stating to take home where communites would contibute on a neighborhood basis with solar energy.,2,1,1,1,2
318,"Plastics are more easier to use and recycle, educating people more on recycling is the best option",2,1,1,2,1
319,one of the more popular solutions/methods to reduce negative environmental impact,2,1,2,2,1
320,I definitely think this is an original idea because it's very creative and positive.,2,1,1,1,2
321,"not popular now, but popular solution being actively looked into",2,1,1,2,1
322,"This has been implimented in a way, but a revised rewards system would be interesting.",2,1,1,2,1
323,This idea is quite easy to come up with and is already been offered as a solution to reduce the environmental impact of air travel.,1,1,1,1,1
324,This isn't an original idea and it fairly bland. This is a go to for obvious emission cutbacks but it is not a true fix,1,1,1,2,1
325,Air travel is fast but not affordable in most countries.,2,1,1,2,1
326,"I rated this response as neutral because I'm aware of planes using biofuels that are not fossil fuel derived. However, I'm not sure how common this is, or whether it's making much of a positive impact on the environment. It's not particularly original because it's already in use, but it seems somewhat remote because I don't believe an efficient, low-cost, environmentally friendly fuel is near being widely adopted.",1,1,2,2,1
327,"I rated this response as neutral because I'm aware of planes using biofuels that are not fossil fuel derived. However, I'm not sure how common this is, or whether it's making much of a positive impact on the environment. It's not particularly original because it's already in use, but it seems somewhat remote because I don't believe an efficient, low-cost, environmentally friendly fuel is near being widely adopted.",1,1,2,2,1
328,its part of renewable energy mix .biofuels help to reduce green house emission as well,2,1,2,1,1
329,its part of renewable energy mix .biofuels help to reduce green house emission as well,2,1,2,1,1
330,Designing aircraft to use alternative fuels such a natural gases will reduce carbon footprint.,2,1,2,1,1
331,Designing aircraft to use alternative fuels such a natural gases will reduce carbon footprint.,2,1,2,1,2
332,Alternative ways of traveling is already a thing. You can travel by bus and trains instead of flying.,1,1,1,2,1
333,Does not solve the problem and it not wrotten in correct english.,1,1,1,1,1
334,Other alternative ways of travel also has their own negative effect on the environment,2,1,1,1,1
335,"it's not something ,has been explored over the years",1,1,1,1,1
336,this is innovative for controlling emissions,2,1,1,1,2
337,I think carbon cleaners can reduce the efficiency of engines,2,1,1,1,1
338,The question is short that shows its originality. The question asked and answer provided are clever.,1,1,1,1,2
339,Though reduction of the environmental impact of air travel is important or the goal but its not a new idea,1,1,1,1,1
340,This is practical but it is always discussed and thus not so original.,1,1,1,2,1
341,eco friendly fuel is probably the most popular & looked into option as it's the most feasible & possible right now. it's also commonly known as the most popular choice right now,1,1,1,1,1
342,I believe alternative fuels are being used by some and have been around for some time.,1,1,1,1,1
343,The idea is somewhat original but also something that is unpractical as of now. Electric planes would be too heavy and require too much power.,2,1,2,2,1
344,"Using electric airplanes for short distances is normal since nowadays, there's a trend to move towards electric vehicles. The thing is that electric flight has been done for decades now, and is also a common topic regarding transportation.",1,1,1,1,1
345,Batteries can be used which will be charged at charging stations. Electric plane will be able to fly for short distance.,2,1,2,1,1
346,I assume this means making it so planes do not have to stay in the air while waiting for another plane to land thus reducing the fuel used.,2,1,2,1,2
347,"I rated the response as very unoriginal because it is unclear exactly how ""enhancing air traffic management"" would reduce the environmental impact of air travel. What does enhancing air traffic management entail? A reduction of air travel? The suggestion is so general that it's not really helpful.",1,1,2,1,1
348,"Placing a ban on short trips isn't practical for most people, since a lot of people travel short distances daily. This would negatively affect most people, since quite a few activities aren't long distance (buying groceries, visiting friends, etc.).",2,1,2,1,1
349,"actually is original bc of how quickly people would be to dismiss this. but with the advancements in ground transport that's cheaper, quicker, and cleaner (boring company), this would actually be the most impactful & immediate solution. there will be pushback, but then again, we fought for no taxes back in the day & now they take up to half of our money. so this would be an easy push",2,1,1,2,2
350,"This works out in a mathematical sense. However, in a functioning society sense, people tend to make changes work for them and in reality, will end up taking longer trips that create more environmental impact to get the outcome the shorter trip would have provided.",2,1,2,2,1
351,This is a smart idea and can apply to everybody. It isn't the first thing id jump too and it is a simple acting making it achievable.,2,1,1,1,2
352,"The idea for cramming more people into an aircraft has been floated by many airlines. Two levels has been done on larger aircraft, not so much though on smaller aircraft.",1,1,1,2,1
353,I think that this idea is original and not very common and is a few years away from becoming reality. In the present day I do not think it is possible to achieve,2,1,1,1,1
354,I dont know if it would be safe to put this much hydrogen into the air perhaps if we learned to use just the air to propel us somehow,2,1,1,1,2
355,"Increasing fees for air travel is already a thing. When you choose to travel with a non stop flight, they cost more than ones with stops.",1,1,1,2,1
356,"This is very original, as it leans upon Psychology principles to create a new solution. When people can generate incentive for some form of motivation, they are more likely to do something, even if it takes time.",2,1,2,1,2
357,This is already happening in the auto industry. It is helping some but not fast enough.,1,1,1,1,1
358,"I believe that this response is not only not original, but is grossly misaligned with the problem at hand. The invention of a more environmentally friendly fuel, or a new type of plane would be by far a better solution.

I would also like to add many countries already have restrictions on pollution, yet we see pollution levels rising constantly in the world.",2,1,2,2,1
359,"I think it's a great idea and original because it utilizes the sun, a resource that is always renewable.",2,1,1,1,2
360,it will reduce carbon emission.,2,1,1,1,1
361,The use of lighter materials to reduce the weight and fuel consumption of aircraft is a well-established concept in aerospace engineering.,1,1,2,1,1
362,"There is no solution being provided. It is well known that reducing our carbon footprint is ideal and ultimately the goal, it's the how do we reduce our carbon footprint that's the issue. Additionally, we need to look at NO carbon vs low carbon right now.",2,1,2,2,1
363,This is already being pushed most places to reduce plastic use.,2,1,1,1,1
364,this idea is quite good but it is very common as this is an idea that has been floating around for a while and is being considered by many airlines for implementation,2,1,1,2,1
365,"This response seems to be a bit outside of the box, though I believe this approach has been taken before by aircraft designers and engineers.",1,1,1,2,2
366,"While half is correct, it's not original. The other part about aerodynamics isn't a solution to the problem because air travel period is one of the main cause to climate change. The shape of a plane won't help.",1,1,2,2,1
367,"This has been a key continual priority for those working in aviation for many years. Each new plane developed is expected to be more aerodynamic than the last, so proposing this as a solution is very unoriginal.",1,1,2,2,1
368,"i think in early days of flying , you could buy standing 'seats' for flights. so cheaper for the people, more money for the companies. was eventually discontinued",1,1,1,2,2
369,The idea is very clever and I have heard of it in my career as adding more seats to flights reduces the amount of flights that are bound to happen thereby reducing emissions and helping the environment. This is an idea that has already been founded and implemented,1,2,2,1,2
370,"The concept of adding more seats to planes for greater efficiency is a well-known practice in the airline industry. while it can contribute to reducing per-passenger emissions, it isn't particularly innovative or new",1,1,2,2,1
371,"While the idea would work to solve the problem, it is not original. It is well known that if less people fly, less flights would inevitably happen.",1,1,2,2,1
372,"Suggesting more telecommuting as a solution to reduce the environmental impact of air travel is an original approach. It moves away from technical adjustments to the aviation industry and looks at behavioral changes in work practices, which is less commonly proposed.",2,1,2,2,2
373,It is very vague and it lacks originality,1,1,1,1,1
374,This idea is unoriginal as its already being done and its the first thing that comes to mind when reducing environmental damage by air travel next to creating an alternative fuel source for flight,1,1,2,2,1
375,Fines will help to boost the economy,2,1,2,1,1
376,Interesting concept to use alternate boat travel vs air travel. The idea of traveling by a high speed commercial boat through the vast ocean is intriguing to me.,2,1,1,2,2
377,I think that cooking vegan meals will reduce the environmental impact of air travel as most of many vegan meals require less cooking times and most of the materials used are vegetables.,2,1,1,1,1
378,"This is a very common solution that you see all over the united states. I also have personal experience doing this activity and cleaning up a street through this solution so therefore, it is not original.",1,2,1,2,1
379,"the response is original, as the idea of integrating solar technology into planes  has been explored in experimental aviation projects, such as solar powered aircraft like solar impulse",1,1,2,2,2
380,Optimizing flight routines to save fuel is a good idea but it's not new. A lot of airlines already try to make flights more efficient to help our environment.,1,1,2,2,1
381,think they already do this. probably started doing this a year after commercial flights gained popularity,1,1,1,1,1
382,This idea is quite good but not very original as finding the shortest and quickest routes for planes so as to minimize emissions and maximize safety. The idea is quite common and is already being implemented in the world today,1,1,1,2,1
383,"I think this response is original, but not entirely novel. Airline and traffic control systems have been doing this for some time. ALthough it helps the problem, it will loose its effectiveness with the growth of air transportation. 
I believe that invention of an alternative type of fuel would be the best solution for this problem.",2,1,1,2,1
384,"This is somewhat original since the focus is placed on making other transportation options on par with air travel. However, alternative transportation methods is a common thing (trains, buses, etc.), even without considering the impact for air travel.",1,1,2,2,1
385,making alternative modes of transportation more competitive in terms of speed and cost.,2,1,2,2,2
386,"I rated this response as original because making other means of transportation more accessible and faster to more people will reduce the environmental impact of air travel. Making better use of rail travel, for example, would reduce reliance on flying. It's a clever solution and an ambitious one.",2,1,2,2,2
387,This is a topic that is always talked about. Pretty much anyone can come up with this ideal. Non STEM people can figure this out.,2,1,1,1,1
388,"This response is ""neutral"" since it does lack novelty and is a known solution in this day and age. 
As someone who spent a number of years living in Europe - I saw this solution at work. It does work better for Europe because there is a very developed railroad network there, and you can get from Amsterdam to Paris in under 3 hours.
This response is very practical, but I would also enhance it with dynamic pricing, where people with less income get cheaper tickets to the alternative transportation method.",1,2,2,2,1
389,"By taking away the exact item (plane use) to reduce the problem it's causing is the correct answer on paper in a calculated mathematical way but it is not feasible in the real world. Since it's not usable in its effectiveness, it's not original.",1,1,2,2,1
390,"I believe this response is rather original because the usage of private jets in itself is sort of new. Private jets are notorious for their carbon footprint and their usage should be limited in my opinion.  I think another good solution for this problem would be the implementation of a ""carbon tax"".",2,1,1,1,1
391,This is a very common solution. It's not original. Even no STEM people come up with this a solution.,1,1,1,2,1
392,The response is original as it emphasizes optimizing layovers through route planning software to reduce environmental impact. This approach combines logistical efficiency with sustainability goals.,2,1,2,1,2
393,it's actually a clever an unique response because hybrid plane can help to reduce gas emission and operating cost,2,1,2,1,2
394,I believe there are some policies/grants in place that do this and financial incentives are a very common way to increase participation so therefore I do not think this solution is original at all.,1,1,2,2,1
395,This will force people to reduce travel.,2,1,2,1,1
396,"While it is a good and helpful solution, simply adding more of an existing concept is not an original idea.",1,1,2,2,1
397,Tax and fees will compel manufacturers to look for alternative sources of fuel for aircraft. they will do proper maintenance to reduce emission.,2,1,2,1,1
398,This is a generic response that could be applied to any problem.,1,1,1,1,1
399,Other alternatives to flights are considered but are often unrealistic and not feasible for many people.,2,1,2,2,1
400,Alternatives to flight is the most common way everyone would suggest hence it unoriginal. The response should be something unique.,2,1,1,1,2
401,"I rated very unoriginal because this is a solution that we know works/have all over the U.S. When individuals have the convenience to do something, they are more likely to do it so therefore this is an unoriginal solution.",1,1,2,2,1
402,This is a pretty original idea since no one has been able to make it happen yet. Itd be a great way to help conserve the environment through less pollution.,2,1,1,1,2
